/*
Navicat MySQL Data Transfer

Source Server         : my
Source Server Version : 80013
Source Host           : localhost:3306
Source Database       : bbs_dnui

Target Server Type    : MYSQL
Target Server Version : 80013
File Encoding         : 65001

Date: 2020-05-25 16:00:14
*/

SET FOREIGN_KEY_CHECKS=0;

-- ----------------------------
-- Table structure for admin
-- ----------------------------
DROP TABLE IF EXISTS `admin`;
CREATE TABLE `admin` (
  `admin_id` int(11) NOT NULL AUTO_INCREMENT,
  `account` varchar(15) CHARACTER SET utf8 COLLATE utf8_general_ci NOT NULL,
  `password` varchar(15) CHARACTER SET utf8 COLLATE utf8_general_ci NOT NULL,
  PRIMARY KEY (`admin_id`) USING BTREE
) ENGINE=InnoDB DEFAULT CHARSET=utf8 ROW_FORMAT=DYNAMIC;

-- ----------------------------
-- Records of admin
-- ----------------------------
INSERT INTO `admin` VALUES ('1', 'admin', '123123');

-- ----------------------------
-- Table structure for article
-- ----------------------------
DROP TABLE IF EXISTS `article`;
CREATE TABLE `article` (
  `article_id` int(11) NOT NULL AUTO_INCREMENT,
  `topic_id` int(11) NOT NULL COMMENT '主题帖的id',
  `content` longtext CHARACTER SET utf8 COLLATE utf8_general_ci NOT NULL COMMENT '回复的内容',
  `reply_time` datetime NOT NULL COMMENT '回复的时间',
  `user_id` int(11) NOT NULL COMMENT 'userid为该帖子是谁发的',
  `puser_id` int(11) DEFAULT NULL COMMENT '被回复的人的id， 只有当该帖子是引用别人的才有',
  `arefid` int(11) DEFAULT NULL COMMENT '如果该条帖子为引用别人的话，则不为空，并且显示被引用的回复的id',
  PRIMARY KEY (`article_id`) USING BTREE,
  KEY `topic_id` (`topic_id`),
  KEY `user_id` (`user_id`),
  KEY `puser_id` (`puser_id`)
) ENGINE=InnoDB AUTO_INCREMENT=84 DEFAULT CHARSET=utf8 ROW_FORMAT=DYNAMIC;

-- ----------------------------
-- Records of article
-- ----------------------------
INSERT INTO `article` VALUES ('44', '2', '<p>在此写上您的内容</p>', '2020-03-09 16:56:06', '1', '2', '0');
INSERT INTO `article` VALUES ('45', '2', '<p>回复测试</p>', '2020-03-09 20:26:31', '1', '1', '44');
INSERT INTO `article` VALUES ('46', '2', '<p>在此写上您的内容</p>', '2020-03-16 10:53:55', '1', '2', '0');
INSERT INTO `article` VALUES ('47', '2', '<p>10086<img src=\"/ueditor/jsp/upload/image/20200316/1584327259458049846.jpg\" title=\"1584327259458049846.jpg\" alt=\"1.jpg\"/></p>', '2020-03-16 10:54:21', '1', '2', '0');
INSERT INTO `article` VALUES ('49', '2', '<p>在此写上您的内容<img src=\"http://localhost:8080/BBS_DNUI_war_exploded/ueditor/jsp/upload/image/20200317/1584435496390011909.jpg\" title=\"1584435496390011909.jpg\" alt=\"7.jpg\" width=\"342\" height=\"163\"/></p>', '2020-03-17 16:58:57', '1', '2', '0');
INSERT INTO `article` VALUES ('54', '2', '<pre style=\"background-color:#2b2b2b;color:#a9b7c6;font-family:&#39;Consolas&#39;;font-size:9.8pt;\">:</pre><p><br/></p>', '2020-03-17 17:09:05', '1', '2', '0');
INSERT INTO `article` VALUES ('55', '2', '<pre>div&nbsp;class=&quot;user_info&quot;&gt;\r\n&nbsp;&nbsp;&nbsp;&nbsp;&lt;img&nbsp;src=&quot;${path}/images/heads/&lt;%=topicVO.getUser().getImgUrl()%&gt;&quot;&nbsp;class=&quot;img-circle&quot;&nbsp;alt=&quot;&quot;/&gt;\r\n&nbsp;&nbsp;&nbsp;&nbsp;&lt;h5&nbsp;class=&quot;h5&quot;&gt;\r\n&nbsp;&nbsp;&nbsp;&nbsp;&nbsp;&nbsp;&nbsp;&nbsp;&lt;a&nbsp;href=&quot;${path}/otherSpace/&lt;%=topicVO.getUser_id()%&gt;&quot;&gt;&lt;%=topicVO.getUser().getUsername()%&gt;&lt;/a&gt;\r\n&nbsp;&nbsp;&nbsp;&nbsp;&lt;/h5&gt;\r\n&nbsp;&nbsp;&nbsp;&nbsp;&lt;p&gt;\r\n&nbsp;&nbsp;&nbsp;&nbsp;&nbsp;&nbsp;&nbsp;&nbsp;累计发帖：&lt;%=topicVO.getUser().getArticle_num()%&gt;\r\n&nbsp;&nbsp;&nbsp;&nbsp;&lt;/p&gt;\r\n&nbsp;&nbsp;&nbsp;&nbsp;&lt;p&nbsp;style=&quot;color:&nbsp;goldenrod&quot;&gt;回帖积分：&lt;%=topicVO.getUser().getReply_num()*20%&gt;&lt;/p&gt;\r\n&lt;/div&gt;</pre><p><br/></p>', '2020-03-17 17:09:21', '1', '2', '0');
INSERT INTO `article` VALUES ('56', '2', '<pre style=\"background-color:#2b2b2b;color:#a9b7c6;font-family:&#39;Consolas&#39;;font-size:9.8pt;\">:</pre><p><br/></p>', '2020-03-17 17:15:26', '1', '2', '0');
INSERT INTO `article` VALUES ('57', '2', '<p>写错啦<br/></p>', '2020-03-17 17:21:31', '1', '1', '55');
INSERT INTO `article` VALUES ('58', '2', '<p>好吧</p>', '2020-03-17 17:21:49', '1', '1', '57');
INSERT INTO `article` VALUES ('59', '4', '123', '2020-03-25 16:18:04', '1', '1', '0');
INSERT INTO `article` VALUES ('60', '5', '<p>123123</p>', '2020-03-30 15:11:27', '1', '4', '0');
INSERT INTO `article` VALUES ('61', '5', '<p>在此写上您的内容</p>', '2020-03-30 15:38:06', '1', '1', '0');
INSERT INTO `article` VALUES ('62', '5', '<p>在此写上您的内容</p>', '2020-03-30 15:39:52', '1', '1', '61');
INSERT INTO `article` VALUES ('63', '2', '<p>在此写上您的内容</p>', '2020-04-09 17:04:53', '1', '1', '58');
INSERT INTO `article` VALUES ('64', '2', '<p>在此写上您的内容</p>', '2020-05-04 16:52:15', '1', '2', '0');
INSERT INTO `article` VALUES ('65', '5', '<p>在此写上您的内容</p>', '2020-05-23 11:12:35', '1', '1', '60');
INSERT INTO `article` VALUES ('80', '27', '<p>在此写上您的内容<img src=\"http://localhost:8080/BBS_DNUI_war_exploded/ueditor/jsp/upload/image/20200523/1590234944521094077.png\" title=\"1590234944521094077.png\" alt=\"defaultHead.png\"/></p>', '2020-05-23 17:55:46', '1', '1', '0');
INSERT INTO `article` VALUES ('81', '27', '<p>写得好</p>', '2020-05-23 17:56:08', '1', '1', '80');
INSERT INTO `article` VALUES ('82', '27', '<p>在此写上您的内容</p>', '2020-05-24 15:27:11', '1', '1', '0');
INSERT INTO `article` VALUES ('83', '27', '<p>在此写上您的内容</p>', '2020-05-24 15:27:45', '1', '1', '0');

-- ----------------------------
-- Table structure for attention
-- ----------------------------
DROP TABLE IF EXISTS `attention`;
CREATE TABLE `attention` (
  `user_id` int(11) NOT NULL COMMENT '关注的用户的id',
  `puser_id` int(11) NOT NULL COMMENT '被关注的用户的id',
  `create_time` datetime DEFAULT NULL,
  PRIMARY KEY (`user_id`,`puser_id`) USING BTREE,
  KEY `attention_id_pid` (`user_id`,`puser_id`) USING BTREE
) ENGINE=InnoDB DEFAULT CHARSET=utf8 ROW_FORMAT=DYNAMIC;

-- ----------------------------
-- Records of attention
-- ----------------------------
INSERT INTO `attention` VALUES ('1', '2', '2020-05-23 17:53:22');
INSERT INTO `attention` VALUES ('2', '1', '2017-06-21 15:33:55');

-- ----------------------------
-- Table structure for collect
-- ----------------------------
DROP TABLE IF EXISTS `collect`;
CREATE TABLE `collect` (
  `user_id` int(11) NOT NULL COMMENT '用户id',
  `topic_id` int(11) NOT NULL COMMENT '帖子id',
  `create_time` datetime DEFAULT NULL,
  PRIMARY KEY (`user_id`,`topic_id`) USING BTREE
) ENGINE=InnoDB DEFAULT CHARSET=utf8 ROW_FORMAT=DYNAMIC;

-- ----------------------------
-- Records of collect
-- ----------------------------
INSERT INTO `collect` VALUES ('1', '2', '2020-05-24 18:11:43');

-- ----------------------------
-- Table structure for sensword
-- ----------------------------
DROP TABLE IF EXISTS `sensword`;
CREATE TABLE `sensword` (
  `sensitivewords` varchar(255) CHARACTER SET utf8mb4 COLLATE utf8mb4_0900_ai_ci DEFAULT NULL
) ENGINE=InnoDB DEFAULT CHARSET=utf8mb4 COLLATE=utf8mb4_0900_ai_ci;

-- ----------------------------
-- Records of sensword
-- ----------------------------
INSERT INTO `sensword` VALUES ('福音会');
INSERT INTO `sensword` VALUES ('中国教徒');
INSERT INTO `sensword` VALUES ('统一教');
INSERT INTO `sensword` VALUES ('观音法门');
INSERT INTO `sensword` VALUES ('清海无上师');
INSERT INTO `sensword` VALUES ('盘古');
INSERT INTO `sensword` VALUES ('李洪志');
INSERT INTO `sensword` VALUES ('志洪李');
INSERT INTO `sensword` VALUES ('李宏志');
INSERT INTO `sensword` VALUES ('轮功');
INSERT INTO `sensword` VALUES ('法轮');
INSERT INTO `sensword` VALUES ('轮法功');
INSERT INTO `sensword` VALUES ('三去车仑');
INSERT INTO `sensword` VALUES ('氵去车仑');
INSERT INTO `sensword` VALUES ('发论工');
INSERT INTO `sensword` VALUES ('法x功');
INSERT INTO `sensword` VALUES ('法o功');
INSERT INTO `sensword` VALUES ('法0功');
INSERT INTO `sensword` VALUES ('法一轮一功');
INSERT INTO `sensword` VALUES ('轮子功');
INSERT INTO `sensword` VALUES ('车仑工力');
INSERT INTO `sensword` VALUES ('法lun');
INSERT INTO `sensword` VALUES ('fa轮');
INSERT INTO `sensword` VALUES ('法lg');
INSERT INTO `sensword` VALUES ('flg');
INSERT INTO `sensword` VALUES ('fl功');
INSERT INTO `sensword` VALUES ('falungong');
INSERT INTO `sensword` VALUES ('大法弟子');
INSERT INTO `sensword` VALUES ('大纪元');
INSERT INTO `sensword` VALUES ('dajiyuan');
INSERT INTO `sensword` VALUES ('明慧网');
INSERT INTO `sensword` VALUES ('明慧周报');
INSERT INTO `sensword` VALUES ('正见网');
INSERT INTO `sensword` VALUES ('新唐人');
INSERT INTO `sensword` VALUES ('伪火');
INSERT INTO `sensword` VALUES ('退党');
INSERT INTO `sensword` VALUES ('tuidang');
INSERT INTO `sensword` VALUES ('退dang');
INSERT INTO `sensword` VALUES ('超越红墙');
INSERT INTO `sensword` VALUES ('自fen');
INSERT INTO `sensword` VALUES ('真善忍');
INSERT INTO `sensword` VALUES ('九评');
INSERT INTO `sensword` VALUES ('9评');
INSERT INTO `sensword` VALUES ('9ping');
INSERT INTO `sensword` VALUES ('九ping');
INSERT INTO `sensword` VALUES ('jiuping');
INSERT INTO `sensword` VALUES ('藏字石');
INSERT INTO `sensword` VALUES ('集体自杀');
INSERT INTO `sensword` VALUES ('自sha');
INSERT INTO `sensword` VALUES ('zi杀');
INSERT INTO `sensword` VALUES ('suicide');
INSERT INTO `sensword` VALUES ('titor');
INSERT INTO `sensword` VALUES ('逢8必灾');
INSERT INTO `sensword` VALUES ('逢八必灾');
INSERT INTO `sensword` VALUES ('逢9必乱');
INSERT INTO `sensword` VALUES ('逢九必乱');
INSERT INTO `sensword` VALUES ('朱瑟里诺');
INSERT INTO `sensword` VALUES ('根达亚文明');
INSERT INTO `sensword` VALUES ('诺查丹玛斯');
INSERT INTO `sensword` VALUES ('人类灭亡进程表');
INSERT INTO `sensword` VALUES ('按照马雅历法');
INSERT INTO `sensword` VALUES ('推背图');
INSERT INTO `sensword` VALUES ('推bei图');
INSERT INTO `sensword` VALUES ('济世灵文');
INSERT INTO `sensword` VALUES ('诸世纪');
INSERT INTO `sensword` VALUES ('电狗');
INSERT INTO `sensword` VALUES ('电话定位器');
INSERT INTO `sensword` VALUES ('电话拦截器');
INSERT INTO `sensword` VALUES ('电话窃听');
INSERT INTO `sensword` VALUES ('电话监');
INSERT INTO `sensword` VALUES ('电话交友');
INSERT INTO `sensword` VALUES ('电话追杀系统');
INSERT INTO `sensword` VALUES ('电击枪');
INSERT INTO `sensword` VALUES ('电鸡');
INSERT INTO `sensword` VALUES ('电警棒');
INSERT INTO `sensword` VALUES ('枪出售');
INSERT INTO `sensword` VALUES ('枪的制');
INSERT INTO `sensword` VALUES ('枪货到');
INSERT INTO `sensword` VALUES ('枪决女犯');
INSERT INTO `sensword` VALUES ('枪模');
INSERT INTO `sensword` VALUES ('枪手');
INSERT INTO `sensword` VALUES ('枪销售');
INSERT INTO `sensword` VALUES ('枪械制');
INSERT INTO `sensword` VALUES ('枪子弹');
INSERT INTO `sensword` VALUES ('售步枪');
INSERT INTO `sensword` VALUES ('售纯度');
INSERT INTO `sensword` VALUES ('售单管');
INSERT INTO `sensword` VALUES ('售弹簧刀');
INSERT INTO `sensword` VALUES ('售防身');
INSERT INTO `sensword` VALUES ('售狗子');
INSERT INTO `sensword` VALUES ('售虎头');
INSERT INTO `sensword` VALUES ('售火药');
INSERT INTO `sensword` VALUES ('售假币');
INSERT INTO `sensword` VALUES ('售健卫');
INSERT INTO `sensword` VALUES ('售军用');
INSERT INTO `sensword` VALUES ('售猎枪');
INSERT INTO `sensword` VALUES ('售氯胺');
INSERT INTO `sensword` VALUES ('售麻醉');
INSERT INTO `sensword` VALUES ('售枪支');
INSERT INTO `sensword` VALUES ('售热武');
INSERT INTO `sensword` VALUES ('售三棱');
INSERT INTO `sensword` VALUES ('售手枪');
INSERT INTO `sensword` VALUES ('售五四');
INSERT INTO `sensword` VALUES ('售一元硬');
INSERT INTO `sensword` VALUES ('售子弹');
INSERT INTO `sensword` VALUES ('售左轮');
INSERT INTO `sensword` VALUES ('亚砷（酸）酐');
INSERT INTO `sensword` VALUES ('亚砷酸钾');
INSERT INTO `sensword` VALUES ('亚砷酸钠');
INSERT INTO `sensword` VALUES ('亚硒酸');
INSERT INTO `sensword` VALUES ('亚硒酸二钠');
INSERT INTO `sensword` VALUES ('亚硒酸镁');
INSERT INTO `sensword` VALUES ('亚硒酸钠');
INSERT INTO `sensword` VALUES ('亚硒酸氢钠');
INSERT INTO `sensword` VALUES ('亚硝酸乙酯');
INSERT INTO `sensword` VALUES ('亚硝酰乙氧');
INSERT INTO `sensword` VALUES ('氧化二丁基锡');
INSERT INTO `sensword` VALUES ('氧化汞');
INSERT INTO `sensword` VALUES ('氧化铊');
INSERT INTO `sensword` VALUES ('氧化亚铊');
INSERT INTO `sensword` VALUES ('氧氯化磷');
INSERT INTO `sensword` VALUES ('原装弹');
INSERT INTO `sensword` VALUES ('原子弹方法');
INSERT INTO `sensword` VALUES ('原子弹清单');
INSERT INTO `sensword` VALUES ('安眠酮');
INSERT INTO `sensword` VALUES ('代血浆');
INSERT INTO `sensword` VALUES ('普萘洛尔');
INSERT INTO `sensword` VALUES ('呋塞米');
INSERT INTO `sensword` VALUES ('西布曲明');
INSERT INTO `sensword` VALUES ('testosterone');
INSERT INTO `sensword` VALUES ('胰岛素样生长因子');
INSERT INTO `sensword` VALUES ('促红细胞生成素');
INSERT INTO `sensword` VALUES ('地西泮');
INSERT INTO `sensword` VALUES ('尼可刹米');
INSERT INTO `sensword` VALUES ('甲睾酮');
INSERT INTO `sensword` VALUES ('adrenaline');
INSERT INTO `sensword` VALUES ('erythropoietin');
INSERT INTO `sensword` VALUES ('地奈德');
INSERT INTO `sensword` VALUES ('莫达非尼');
INSERT INTO `sensword` VALUES ('氯噻嗪');
INSERT INTO `sensword` VALUES ('苯巴比妥');
INSERT INTO `sensword` VALUES ('促性腺激素');
INSERT INTO `sensword` VALUES ('泼尼松');
INSERT INTO `sensword` VALUES ('麻黄草');
INSERT INTO `sensword` VALUES ('雄烯二醇');
INSERT INTO `sensword` VALUES ('地塞米松');
INSERT INTO `sensword` VALUES ('tamoxifen');
INSERT INTO `sensword` VALUES ('strychnine');
INSERT INTO `sensword` VALUES ('androst');
INSERT INTO `sensword` VALUES ('新型毒品');
INSERT INTO `sensword` VALUES ('杜冷丁');
INSERT INTO `sensword` VALUES ('兴奋剂');
INSERT INTO `sensword` VALUES ('mdma');
INSERT INTO `sensword` VALUES ('海洛因');
INSERT INTO `sensword` VALUES ('海luo因');
INSERT INTO `sensword` VALUES ('heroin');
INSERT INTO `sensword` VALUES ('diamorphine');
INSERT INTO `sensword` VALUES ('diacetylmorphine');
INSERT INTO `sensword` VALUES ('鸦片');
INSERT INTO `sensword` VALUES ('阿芙蓉');
INSERT INTO `sensword` VALUES ('咖啡因');
INSERT INTO `sensword` VALUES ('cocain');
INSERT INTO `sensword` VALUES ('三唑仑');
INSERT INTO `sensword` VALUES ('美沙酮');
INSERT INTO `sensword` VALUES ('麻古');
INSERT INTO `sensword` VALUES ('k粉');
INSERT INTO `sensword` VALUES ('凯他敏');
INSERT INTO `sensword` VALUES ('ketamine');
INSERT INTO `sensword` VALUES ('冰毒');
INSERT INTO `sensword` VALUES ('苯丙胺');
INSERT INTO `sensword` VALUES ('cannabis');
INSERT INTO `sensword` VALUES ('大麻');
INSERT INTO `sensword` VALUES ('爱他死');
INSERT INTO `sensword` VALUES ('氯胺酮');
INSERT INTO `sensword` VALUES ('benzodiazepines');
INSERT INTO `sensword` VALUES ('甲基安非他明');
INSERT INTO `sensword` VALUES ('安非他命');
INSERT INTO `sensword` VALUES ('吗啡');
INSERT INTO `sensword` VALUES ('腐败中国');
INSERT INTO `sensword` VALUES ('三个呆婊');
INSERT INTO `sensword` VALUES ('你办事我放心');
INSERT INTO `sensword` VALUES ('社会主义灭亡');
INSERT INTO `sensword` VALUES ('打倒中国');
INSERT INTO `sensword` VALUES ('打倒共产党');
INSERT INTO `sensword` VALUES ('打倒共产主义');
INSERT INTO `sensword` VALUES ('打倒胡锦涛');
INSERT INTO `sensword` VALUES ('打倒江泽民');
INSERT INTO `sensword` VALUES ('打倒江主席');
INSERT INTO `sensword` VALUES ('打倒李鹏');
INSERT INTO `sensword` VALUES ('打倒罗干');
INSERT INTO `sensword` VALUES ('打倒温家宝');
INSERT INTO `sensword` VALUES ('打倒中共');
INSERT INTO `sensword` VALUES ('打倒朱镕');
INSERT INTO `sensword` VALUES ('抵制共产党');
INSERT INTO `sensword` VALUES ('抵制共产主义');
INSERT INTO `sensword` VALUES ('抵制胡锦涛');
INSERT INTO `sensword` VALUES ('抵制江泽民');
INSERT INTO `sensword` VALUES ('抵制江主席');
INSERT INTO `sensword` VALUES ('抵制李鹏');
INSERT INTO `sensword` VALUES ('抵制罗干');
INSERT INTO `sensword` VALUES ('抵制温家宝');
INSERT INTO `sensword` VALUES ('抵制中共');
INSERT INTO `sensword` VALUES ('抵制朱镕基');
INSERT INTO `sensword` VALUES ('灭亡中国');
INSERT INTO `sensword` VALUES ('亡党亡国');
INSERT INTO `sensword` VALUES ('粉碎四人帮');
INSERT INTO `sensword` VALUES ('激流中国');
INSERT INTO `sensword` VALUES ('特供');
INSERT INTO `sensword` VALUES ('特贡');
INSERT INTO `sensword` VALUES ('特共');
INSERT INTO `sensword` VALUES ('zf大楼');
INSERT INTO `sensword` VALUES ('殃视');
INSERT INTO `sensword` VALUES ('贪污腐败');
INSERT INTO `sensword` VALUES ('强制拆除');
INSERT INTO `sensword` VALUES ('形式主义');
INSERT INTO `sensword` VALUES ('政治风波');
INSERT INTO `sensword` VALUES ('太子党');
INSERT INTO `sensword` VALUES ('上海帮');
INSERT INTO `sensword` VALUES ('北京帮');
INSERT INTO `sensword` VALUES ('清华帮');
INSERT INTO `sensword` VALUES ('红色贵族');
INSERT INTO `sensword` VALUES ('权贵集团');
INSERT INTO `sensword` VALUES ('河蟹社会');
INSERT INTO `sensword` VALUES ('喝血社会');
INSERT INTO `sensword` VALUES ('九风');
INSERT INTO `sensword` VALUES ('9风');
INSERT INTO `sensword` VALUES ('十七大');
INSERT INTO `sensword` VALUES ('十7大');
INSERT INTO `sensword` VALUES ('17da');
INSERT INTO `sensword` VALUES ('九学');
INSERT INTO `sensword` VALUES ('9学');
INSERT INTO `sensword` VALUES ('四风');
INSERT INTO `sensword` VALUES ('4风');
INSERT INTO `sensword` VALUES ('双规');
INSERT INTO `sensword` VALUES ('南街村');
INSERT INTO `sensword` VALUES ('最淫官员');
INSERT INTO `sensword` VALUES ('警匪');
INSERT INTO `sensword` VALUES ('官匪');
INSERT INTO `sensword` VALUES ('独夫民贼');
INSERT INTO `sensword` VALUES ('官商勾结');
INSERT INTO `sensword` VALUES ('城管暴力执法');
INSERT INTO `sensword` VALUES ('强制捐款');
INSERT INTO `sensword` VALUES ('毒豺');
INSERT INTO `sensword` VALUES ('一党执政');
INSERT INTO `sensword` VALUES ('一党专制');
INSERT INTO `sensword` VALUES ('一党专政');
INSERT INTO `sensword` VALUES ('专制政权');
INSERT INTO `sensword` VALUES ('宪法法院');
INSERT INTO `sensword` VALUES ('胡平');
INSERT INTO `sensword` VALUES ('苏晓康');
INSERT INTO `sensword` VALUES ('贺卫方');
INSERT INTO `sensword` VALUES ('谭作人');
INSERT INTO `sensword` VALUES ('焦国标');
INSERT INTO `sensword` VALUES ('万润南');
INSERT INTO `sensword` VALUES ('张志新');
INSERT INTO `sensword` VALUES ('辛灝年');
INSERT INTO `sensword` VALUES ('高勤荣');
INSERT INTO `sensword` VALUES ('王炳章');
INSERT INTO `sensword` VALUES ('高智晟');
INSERT INTO `sensword` VALUES ('司马璐');
INSERT INTO `sensword` VALUES ('刘晓竹');
INSERT INTO `sensword` VALUES ('刘宾雁');
INSERT INTO `sensword` VALUES ('魏京生');
INSERT INTO `sensword` VALUES ('寻找林昭的灵魂');
INSERT INTO `sensword` VALUES ('别梦成灰');
INSERT INTO `sensword` VALUES ('谁是新中国');
INSERT INTO `sensword` VALUES ('讨伐中宣部');
INSERT INTO `sensword` VALUES ('异议人士');
INSERT INTO `sensword` VALUES ('民运人士');
INSERT INTO `sensword` VALUES ('启蒙派');
INSERT INTO `sensword` VALUES ('选国家主席');
INSERT INTO `sensword` VALUES ('民一主');
INSERT INTO `sensword` VALUES ('min主');
INSERT INTO `sensword` VALUES ('民竹');
INSERT INTO `sensword` VALUES ('民珠');
INSERT INTO `sensword` VALUES ('民猪');
INSERT INTO `sensword` VALUES ('chinesedemocracy');
INSERT INTO `sensword` VALUES ('大赦国际');
INSERT INTO `sensword` VALUES ('国际特赦');
INSERT INTO `sensword` VALUES ('da选');
INSERT INTO `sensword` VALUES ('投公');
INSERT INTO `sensword` VALUES ('公头');
INSERT INTO `sensword` VALUES ('宪政');
INSERT INTO `sensword` VALUES ('平反');
INSERT INTO `sensword` VALUES ('党章');
INSERT INTO `sensword` VALUES ('维权');
INSERT INTO `sensword` VALUES ('昝爱宗');
INSERT INTO `sensword` VALUES ('宪章');
INSERT INTO `sensword` VALUES ('08宪');
INSERT INTO `sensword` VALUES ('08xz');
INSERT INTO `sensword` VALUES ('抿主');
INSERT INTO `sensword` VALUES ('敏主');
INSERT INTO `sensword` VALUES ('人拳');
INSERT INTO `sensword` VALUES ('人木又');
INSERT INTO `sensword` VALUES ('人quan');
INSERT INTO `sensword` VALUES ('renquan');
INSERT INTO `sensword` VALUES ('中国人权');
INSERT INTO `sensword` VALUES ('中国新民党');
INSERT INTO `sensword` VALUES ('群体事件');
INSERT INTO `sensword` VALUES ('群体性事件');
INSERT INTO `sensword` VALUES ('上中央');
INSERT INTO `sensword` VALUES ('去中央');
INSERT INTO `sensword` VALUES ('讨说法');
INSERT INTO `sensword` VALUES ('请愿');
INSERT INTO `sensword` VALUES ('请命');
INSERT INTO `sensword` VALUES ('公开信');
INSERT INTO `sensword` VALUES ('联名上书');
INSERT INTO `sensword` VALUES ('万人大签名');
INSERT INTO `sensword` VALUES ('万人骚动');
INSERT INTO `sensword` VALUES ('截访');
INSERT INTO `sensword` VALUES ('上访');
INSERT INTO `sensword` VALUES ('shangfang');
INSERT INTO `sensword` VALUES ('信访');
INSERT INTO `sensword` VALUES ('访民');
INSERT INTO `sensword` VALUES ('集合');
INSERT INTO `sensword` VALUES ('集会');
INSERT INTO `sensword` VALUES ('组织集体');
INSERT INTO `sensword` VALUES ('静坐');
INSERT INTO `sensword` VALUES ('静zuo');
INSERT INTO `sensword` VALUES ('jing坐');
INSERT INTO `sensword` VALUES ('示威');
INSERT INTO `sensword` VALUES ('示wei');
INSERT INTO `sensword` VALUES ('游行');
INSERT INTO `sensword` VALUES ('you行');
INSERT INTO `sensword` VALUES ('油行');
INSERT INTO `sensword` VALUES ('游xing');
INSERT INTO `sensword` VALUES ('youxing');
INSERT INTO `sensword` VALUES ('官逼民反');
INSERT INTO `sensword` VALUES ('反party');
INSERT INTO `sensword` VALUES ('反共');
INSERT INTO `sensword` VALUES ('抗议');
INSERT INTO `sensword` VALUES ('亢议');
INSERT INTO `sensword` VALUES ('抵制');
INSERT INTO `sensword` VALUES ('低制');
INSERT INTO `sensword` VALUES ('底制');
INSERT INTO `sensword` VALUES ('di制');
INSERT INTO `sensword` VALUES ('抵zhi');
INSERT INTO `sensword` VALUES ('dizhi');
INSERT INTO `sensword` VALUES ('boycott');
INSERT INTO `sensword` VALUES ('血书');
INSERT INTO `sensword` VALUES ('焚烧中国国旗');
INSERT INTO `sensword` VALUES ('baoluan');
INSERT INTO `sensword` VALUES ('流血冲突');
INSERT INTO `sensword` VALUES ('出现暴动');
INSERT INTO `sensword` VALUES ('发生暴动');
INSERT INTO `sensword` VALUES ('引起暴动');
INSERT INTO `sensword` VALUES ('baodong');
INSERT INTO `sensword` VALUES ('灭共');
INSERT INTO `sensword` VALUES ('杀毙');
INSERT INTO `sensword` VALUES ('罢工');
INSERT INTO `sensword` VALUES ('霸工');
INSERT INTO `sensword` VALUES ('罢考');
INSERT INTO `sensword` VALUES ('罢餐');
INSERT INTO `sensword` VALUES ('霸餐');
INSERT INTO `sensword` VALUES ('罢参');
INSERT INTO `sensword` VALUES ('罢饭');
INSERT INTO `sensword` VALUES ('罢吃');
INSERT INTO `sensword` VALUES ('罢食');
INSERT INTO `sensword` VALUES ('罢课');
INSERT INTO `sensword` VALUES ('罢ke');
INSERT INTO `sensword` VALUES ('霸课');
INSERT INTO `sensword` VALUES ('ba课');
INSERT INTO `sensword` VALUES ('罢教');
INSERT INTO `sensword` VALUES ('罢学');
INSERT INTO `sensword` VALUES ('罢运');
INSERT INTO `sensword` VALUES ('网特');
INSERT INTO `sensword` VALUES ('网评员');
INSERT INTO `sensword` VALUES ('网络评论员');
INSERT INTO `sensword` VALUES ('五毛党');
INSERT INTO `sensword` VALUES ('五毛们');
INSERT INTO `sensword` VALUES ('5毛党');
INSERT INTO `sensword` VALUES ('戒严');
INSERT INTO `sensword` VALUES ('jieyan');
INSERT INTO `sensword` VALUES ('jie严');
INSERT INTO `sensword` VALUES ('戒yan');
INSERT INTO `sensword` VALUES ('8的平方事件');
INSERT INTO `sensword` VALUES ('知道64');
INSERT INTO `sensword` VALUES ('八九年');
INSERT INTO `sensword` VALUES ('贰拾年');
INSERT INTO `sensword` VALUES ('2o年');
INSERT INTO `sensword` VALUES ('20和谐年');
INSERT INTO `sensword` VALUES ('贰拾周年');
INSERT INTO `sensword` VALUES ('六四');
INSERT INTO `sensword` VALUES ('六河蟹四');
INSERT INTO `sensword` VALUES ('六百度四');
INSERT INTO `sensword` VALUES ('六和谐四');
INSERT INTO `sensword` VALUES ('陆四');
INSERT INTO `sensword` VALUES ('陆肆');
INSERT INTO `sensword` VALUES ('198964');
INSERT INTO `sensword` VALUES ('5月35');
INSERT INTO `sensword` VALUES ('89年春夏之交');
INSERT INTO `sensword` VALUES ('64惨案');
INSERT INTO `sensword` VALUES ('64时期');
INSERT INTO `sensword` VALUES ('64运动');
INSERT INTO `sensword` VALUES ('4事件');
INSERT INTO `sensword` VALUES ('四事件');
INSERT INTO `sensword` VALUES ('北京风波');
INSERT INTO `sensword` VALUES ('学潮');
INSERT INTO `sensword` VALUES ('学chao');
INSERT INTO `sensword` VALUES ('xuechao');
INSERT INTO `sensword` VALUES ('学百度潮');
INSERT INTO `sensword` VALUES ('门安天');
INSERT INTO `sensword` VALUES ('天按门');
INSERT INTO `sensword` VALUES ('坦克压大学生');
INSERT INTO `sensword` VALUES ('民主女神');
INSERT INTO `sensword` VALUES ('历史的伤口');
INSERT INTO `sensword` VALUES ('高自联');
INSERT INTO `sensword` VALUES ('北高联');
INSERT INTO `sensword` VALUES ('血洗京城');
INSERT INTO `sensword` VALUES ('四二六社论');
INSERT INTO `sensword` VALUES ('王丹');
INSERT INTO `sensword` VALUES ('柴玲');
INSERT INTO `sensword` VALUES ('沈彤');
INSERT INTO `sensword` VALUES ('封从德');
INSERT INTO `sensword` VALUES ('王超华');
INSERT INTO `sensword` VALUES ('王维林');
INSERT INTO `sensword` VALUES ('吾尔开希');
INSERT INTO `sensword` VALUES ('吾尔开西');
INSERT INTO `sensword` VALUES ('侯德健');
INSERT INTO `sensword` VALUES ('阎明复');
INSERT INTO `sensword` VALUES ('方励之');
INSERT INTO `sensword` VALUES ('蒋捷连');
INSERT INTO `sensword` VALUES ('丁子霖');
INSERT INTO `sensword` VALUES ('辛灏年');
INSERT INTO `sensword` VALUES ('蒋彦永');
INSERT INTO `sensword` VALUES ('严家其');
INSERT INTO `sensword` VALUES ('陈一咨');
INSERT INTO `sensword` VALUES ('中华局域网');
INSERT INTO `sensword` VALUES ('党的喉舌');
INSERT INTO `sensword` VALUES ('互联网审查');
INSERT INTO `sensword` VALUES ('当局严密封锁');
INSERT INTO `sensword` VALUES ('新闻封锁');
INSERT INTO `sensword` VALUES ('封锁消息');
INSERT INTO `sensword` VALUES ('爱国者同盟');
INSERT INTO `sensword` VALUES ('关闭所有论坛');
INSERT INTO `sensword` VALUES ('网络封锁');
INSERT INTO `sensword` VALUES ('金盾工程');
INSERT INTO `sensword` VALUES ('gfw');
INSERT INTO `sensword` VALUES ('无界浏览');
INSERT INTO `sensword` VALUES ('无界网络');
INSERT INTO `sensword` VALUES ('自由门');
INSERT INTO `sensword` VALUES ('何清涟');
INSERT INTO `sensword` VALUES ('中国的陷阱');
INSERT INTO `sensword` VALUES ('汪兆钧');
INSERT INTO `sensword` VALUES ('记者无疆界');
INSERT INTO `sensword` VALUES ('境外媒体');
INSERT INTO `sensword` VALUES ('维基百科');
INSERT INTO `sensword` VALUES ('纽约时报');
INSERT INTO `sensword` VALUES ('bbc中文网');
INSERT INTO `sensword` VALUES ('华盛顿邮报');
INSERT INTO `sensword` VALUES ('世界日报');
INSERT INTO `sensword` VALUES ('东森新闻网');
INSERT INTO `sensword` VALUES ('东森电视');
INSERT INTO `sensword` VALUES ('星岛日报');
INSERT INTO `sensword` VALUES ('wikipedia');
INSERT INTO `sensword` VALUES ('youtube');
INSERT INTO `sensword` VALUES ('googleblogger');
INSERT INTO `sensword` VALUES ('美国广播公司');
INSERT INTO `sensword` VALUES ('英国金融时报');
INSERT INTO `sensword` VALUES ('自由亚洲');
INSERT INTO `sensword` VALUES ('自由时报');
INSERT INTO `sensword` VALUES ('中国时报');
INSERT INTO `sensword` VALUES ('反分裂');
INSERT INTO `sensword` VALUES ('威胁论');
INSERT INTO `sensword` VALUES ('左翼联盟');
INSERT INTO `sensword` VALUES ('钓鱼岛');
INSERT INTO `sensword` VALUES ('保钓组织');
INSERT INTO `sensword` VALUES ('主权');
INSERT INTO `sensword` VALUES ('弓单');
INSERT INTO `sensword` VALUES ('火乍');
INSERT INTO `sensword` VALUES ('木仓');
INSERT INTO `sensword` VALUES ('石肖');
INSERT INTO `sensword` VALUES ('核蛋');
INSERT INTO `sensword` VALUES ('步qiang');
INSERT INTO `sensword` VALUES ('bao炸');
INSERT INTO `sensword` VALUES ('爆zha');
INSERT INTO `sensword` VALUES ('baozha');
INSERT INTO `sensword` VALUES ('zha药');
INSERT INTO `sensword` VALUES ('zha弹');
INSERT INTO `sensword` VALUES ('炸dan');
INSERT INTO `sensword` VALUES ('炸yao');
INSERT INTO `sensword` VALUES ('zhadan');
INSERT INTO `sensword` VALUES ('zhayao');
INSERT INTO `sensword` VALUES ('hmtd');
INSERT INTO `sensword` VALUES ('三硝基甲苯');
INSERT INTO `sensword` VALUES ('六氟化铀');
INSERT INTO `sensword` VALUES ('炸药配方');
INSERT INTO `sensword` VALUES ('弹药配方');
INSERT INTO `sensword` VALUES ('炸弹配方');
INSERT INTO `sensword` VALUES ('皮箱炸弹');
INSERT INTO `sensword` VALUES ('火药配方');
INSERT INTO `sensword` VALUES ('人体炸弹');
INSERT INTO `sensword` VALUES ('人肉炸弹');
INSERT INTO `sensword` VALUES ('解放军');
INSERT INTO `sensword` VALUES ('兵力部署');
INSERT INTO `sensword` VALUES ('军转');
INSERT INTO `sensword` VALUES ('军事社');
INSERT INTO `sensword` VALUES ('8341部队');
INSERT INTO `sensword` VALUES ('第21集团军');
INSERT INTO `sensword` VALUES ('七大军区');
INSERT INTO `sensword` VALUES ('7大军区');
INSERT INTO `sensword` VALUES ('北京军区');
INSERT INTO `sensword` VALUES ('沈阳军区');
INSERT INTO `sensword` VALUES ('济南军区');
INSERT INTO `sensword` VALUES ('成都军区');
INSERT INTO `sensword` VALUES ('广州军区');
INSERT INTO `sensword` VALUES ('南京军区');
INSERT INTO `sensword` VALUES ('兰州军区');
INSERT INTO `sensword` VALUES ('颜色革命');
INSERT INTO `sensword` VALUES ('规模冲突');
INSERT INTO `sensword` VALUES ('塔利班');
INSERT INTO `sensword` VALUES ('基地组织');
INSERT INTO `sensword` VALUES ('恐怖分子');
INSERT INTO `sensword` VALUES ('恐怖份子');
INSERT INTO `sensword` VALUES ('三股势力');
INSERT INTO `sensword` VALUES ('印尼屠华');
INSERT INTO `sensword` VALUES ('印尼事件');
INSERT INTO `sensword` VALUES ('蒋公纪念歌');
INSERT INTO `sensword` VALUES ('马英九');
INSERT INTO `sensword` VALUES ('mayingjiu');
INSERT INTO `sensword` VALUES ('李天羽');
INSERT INTO `sensword` VALUES ('苏贞昌');
INSERT INTO `sensword` VALUES ('林文漪');
INSERT INTO `sensword` VALUES ('陈水扁');
INSERT INTO `sensword` VALUES ('陈s扁');
INSERT INTO `sensword` VALUES ('陈随便');
INSERT INTO `sensword` VALUES ('阿扁');
INSERT INTO `sensword` VALUES ('a扁');
INSERT INTO `sensword` VALUES ('告全国同胞书');
INSERT INTO `sensword` VALUES ('台百度湾');
INSERT INTO `sensword` VALUES ('台完');
INSERT INTO `sensword` VALUES ('台wan');
INSERT INTO `sensword` VALUES ('taiwan');
INSERT INTO `sensword` VALUES ('台弯');
INSERT INTO `sensword` VALUES ('湾台');
INSERT INTO `sensword` VALUES ('台湾国');
INSERT INTO `sensword` VALUES ('台湾共和国');
INSERT INTO `sensword` VALUES ('台军');
INSERT INTO `sensword` VALUES ('台独');
INSERT INTO `sensword` VALUES ('台毒');
INSERT INTO `sensword` VALUES ('台du');
INSERT INTO `sensword` VALUES ('taidu');
INSERT INTO `sensword` VALUES ('twdl');
INSERT INTO `sensword` VALUES ('一中一台');
INSERT INTO `sensword` VALUES ('打台湾');
INSERT INTO `sensword` VALUES ('两岸战争');
INSERT INTO `sensword` VALUES ('攻占台湾');
INSERT INTO `sensword` VALUES ('支持台湾');
INSERT INTO `sensword` VALUES ('进攻台湾');
INSERT INTO `sensword` VALUES ('占领台湾');
INSERT INTO `sensword` VALUES ('统一台湾');
INSERT INTO `sensword` VALUES ('收复台湾');
INSERT INTO `sensword` VALUES ('登陆台湾');
INSERT INTO `sensword` VALUES ('解放台湾');
INSERT INTO `sensword` VALUES ('解放tw');
INSERT INTO `sensword` VALUES ('解决台湾');
INSERT INTO `sensword` VALUES ('光复民国');
INSERT INTO `sensword` VALUES ('台湾独立');
INSERT INTO `sensword` VALUES ('台湾问题');
INSERT INTO `sensword` VALUES ('台海问题');
INSERT INTO `sensword` VALUES ('台海危机');
INSERT INTO `sensword` VALUES ('台海统一');
INSERT INTO `sensword` VALUES ('台海大战');
INSERT INTO `sensword` VALUES ('台海战争');
INSERT INTO `sensword` VALUES ('台海局势');
INSERT INTO `sensword` VALUES ('入联');
INSERT INTO `sensword` VALUES ('入耳关');
INSERT INTO `sensword` VALUES ('中华联邦');
INSERT INTO `sensword` VALUES ('国民党');
INSERT INTO `sensword` VALUES ('x民党');
INSERT INTO `sensword` VALUES ('民进党');
INSERT INTO `sensword` VALUES ('青天白日');
INSERT INTO `sensword` VALUES ('闹独立');
INSERT INTO `sensword` VALUES ('duli');
INSERT INTO `sensword` VALUES ('fenlie');
INSERT INTO `sensword` VALUES ('日本万岁');
INSERT INTO `sensword` VALUES ('小泽一郎');
INSERT INTO `sensword` VALUES ('劣等民族');
INSERT INTO `sensword` VALUES ('汉人');
INSERT INTO `sensword` VALUES ('汉维');
INSERT INTO `sensword` VALUES ('维汉');
INSERT INTO `sensword` VALUES ('维吾');
INSERT INTO `sensword` VALUES ('吾尔');
INSERT INTO `sensword` VALUES ('热比娅');
INSERT INTO `sensword` VALUES ('伊力哈木');
INSERT INTO `sensword` VALUES ('疆独');
INSERT INTO `sensword` VALUES ('东突厥斯坦解放组织');
INSERT INTO `sensword` VALUES ('东突解放组织');
INSERT INTO `sensword` VALUES ('蒙古分裂分子');
INSERT INTO `sensword` VALUES ('列确');
INSERT INTO `sensword` VALUES ('阿旺晋美');
INSERT INTO `sensword` VALUES ('藏人');
INSERT INTO `sensword` VALUES ('臧人');
INSERT INTO `sensword` VALUES ('zang人');
INSERT INTO `sensword` VALUES ('藏民');
INSERT INTO `sensword` VALUES ('藏m');
INSERT INTO `sensword` VALUES ('达赖');
INSERT INTO `sensword` VALUES ('赖达');
INSERT INTO `sensword` VALUES ('dalai');
INSERT INTO `sensword` VALUES ('哒赖');
INSERT INTO `sensword` VALUES ('dl喇嘛');
INSERT INTO `sensword` VALUES ('丹增嘉措');
INSERT INTO `sensword` VALUES ('打砸抢');
INSERT INTO `sensword` VALUES ('西独');
INSERT INTO `sensword` VALUES ('藏独');
INSERT INTO `sensword` VALUES ('葬独');
INSERT INTO `sensword` VALUES ('臧独');
INSERT INTO `sensword` VALUES ('藏毒');
INSERT INTO `sensword` VALUES ('藏du');
INSERT INTO `sensword` VALUES ('zangdu');
INSERT INTO `sensword` VALUES ('支持zd');
INSERT INTO `sensword` VALUES ('藏暴乱');
INSERT INTO `sensword` VALUES ('藏青会');
INSERT INTO `sensword` VALUES ('雪山狮子旗');
INSERT INTO `sensword` VALUES ('拉萨');
INSERT INTO `sensword` VALUES ('啦萨');
INSERT INTO `sensword` VALUES ('啦沙');
INSERT INTO `sensword` VALUES ('啦撒');
INSERT INTO `sensword` VALUES ('拉sa');
INSERT INTO `sensword` VALUES ('lasa');
INSERT INTO `sensword` VALUES ('la萨');
INSERT INTO `sensword` VALUES ('西藏');
INSERT INTO `sensword` VALUES ('藏西');
INSERT INTO `sensword` VALUES ('藏春阁');
INSERT INTO `sensword` VALUES ('藏獨');
INSERT INTO `sensword` VALUES ('藏独');
INSERT INTO `sensword` VALUES ('藏独立');
INSERT INTO `sensword` VALUES ('藏妇会');
INSERT INTO `sensword` VALUES ('藏青会');
INSERT INTO `sensword` VALUES ('藏字石');
INSERT INTO `sensword` VALUES ('xizang');
INSERT INTO `sensword` VALUES ('xi藏');
INSERT INTO `sensword` VALUES ('x藏');
INSERT INTO `sensword` VALUES ('西z');
INSERT INTO `sensword` VALUES ('tibet');
INSERT INTO `sensword` VALUES ('希葬');
INSERT INTO `sensword` VALUES ('希藏');
INSERT INTO `sensword` VALUES ('硒藏');
INSERT INTO `sensword` VALUES ('稀藏');
INSERT INTO `sensword` VALUES ('西脏');
INSERT INTO `sensword` VALUES ('西奘');
INSERT INTO `sensword` VALUES ('西葬');
INSERT INTO `sensword` VALUES ('西臧');
INSERT INTO `sensword` VALUES ('援藏');
INSERT INTO `sensword` VALUES ('bjork');
INSERT INTO `sensword` VALUES ('王千源');
INSERT INTO `sensword` VALUES ('安拉');
INSERT INTO `sensword` VALUES ('回教');
INSERT INTO `sensword` VALUES ('回族');
INSERT INTO `sensword` VALUES ('回回');
INSERT INTO `sensword` VALUES ('回民');
INSERT INTO `sensword` VALUES ('穆斯林');
INSERT INTO `sensword` VALUES ('穆罕穆德');
INSERT INTO `sensword` VALUES ('穆罕默德');
INSERT INTO `sensword` VALUES ('默罕默德');
INSERT INTO `sensword` VALUES ('伊斯兰');
INSERT INTO `sensword` VALUES ('圣战组织');
INSERT INTO `sensword` VALUES ('清真');
INSERT INTO `sensword` VALUES ('清zhen');
INSERT INTO `sensword` VALUES ('qingzhen');
INSERT INTO `sensword` VALUES ('真主');
INSERT INTO `sensword` VALUES ('阿拉伯');
INSERT INTO `sensword` VALUES ('高丽棒子');
INSERT INTO `sensword` VALUES ('韩国狗');
INSERT INTO `sensword` VALUES ('满洲第三帝国');
INSERT INTO `sensword` VALUES ('满狗');
INSERT INTO `sensword` VALUES ('鞑子');
INSERT INTO `sensword` VALUES ('江丑闻');
INSERT INTO `sensword` VALUES ('江嫡系');
INSERT INTO `sensword` VALUES ('江毒');
INSERT INTO `sensword` VALUES ('江独裁');
INSERT INTO `sensword` VALUES ('江蛤蟆');
INSERT INTO `sensword` VALUES ('江核心');
INSERT INTO `sensword` VALUES ('江黑心');
INSERT INTO `sensword` VALUES ('江胡内斗');
INSERT INTO `sensword` VALUES ('江祸心');
INSERT INTO `sensword` VALUES ('江家帮');
INSERT INTO `sensword` VALUES ('江绵恒');
INSERT INTO `sensword` VALUES ('江派和胡派');
INSERT INTO `sensword` VALUES ('江派人马');
INSERT INTO `sensword` VALUES ('江泉集团');
INSERT INTO `sensword` VALUES ('江人马');
INSERT INTO `sensword` VALUES ('江三条腿');
INSERT INTO `sensword` VALUES ('江氏集团');
INSERT INTO `sensword` VALUES ('江氏家族');
INSERT INTO `sensword` VALUES ('江氏政治局');
INSERT INTO `sensword` VALUES ('江氏政治委员');
INSERT INTO `sensword` VALUES ('江梳头');
INSERT INTO `sensword` VALUES ('江太上');
INSERT INTO `sensword` VALUES ('江戏子');
INSERT INTO `sensword` VALUES ('江系人');
INSERT INTO `sensword` VALUES ('江系人马');
INSERT INTO `sensword` VALUES ('江宰民');
INSERT INTO `sensword` VALUES ('江贼');
INSERT INTO `sensword` VALUES ('江贼民');
INSERT INTO `sensword` VALUES ('江主席');
INSERT INTO `sensword` VALUES ('麻果丸');
INSERT INTO `sensword` VALUES ('麻将透');
INSERT INTO `sensword` VALUES ('麻醉弹');
INSERT INTO `sensword` VALUES ('麻醉狗');
INSERT INTO `sensword` VALUES ('麻醉枪');
INSERT INTO `sensword` VALUES ('麻醉槍');
INSERT INTO `sensword` VALUES ('麻醉药');
INSERT INTO `sensword` VALUES ('麻醉藥');
INSERT INTO `sensword` VALUES ('台独');
INSERT INTO `sensword` VALUES ('台湾版假币');
INSERT INTO `sensword` VALUES ('台湾独立');
INSERT INTO `sensword` VALUES ('台湾国');
INSERT INTO `sensword` VALUES ('台湾应该独立');
INSERT INTO `sensword` VALUES ('台湾有权独立');
INSERT INTO `sensword` VALUES ('天灭中共');
INSERT INTO `sensword` VALUES ('中共帮凶');
INSERT INTO `sensword` VALUES ('中共保命');
INSERT INTO `sensword` VALUES ('中共裁');
INSERT INTO `sensword` VALUES ('中共党文化');
INSERT INTO `sensword` VALUES ('中共腐败');
INSERT INTO `sensword` VALUES ('中共的血旗');
INSERT INTO `sensword` VALUES ('中共的罪恶');
INSERT INTO `sensword` VALUES ('中共帝国');
INSERT INTO `sensword` VALUES ('中共独裁');
INSERT INTO `sensword` VALUES ('中共封锁');
INSERT INTO `sensword` VALUES ('中共封网');
INSERT INTO `sensword` VALUES ('中共腐败');
INSERT INTO `sensword` VALUES ('中共黑');
INSERT INTO `sensword` VALUES ('中共黑帮');
INSERT INTO `sensword` VALUES ('中共解体');
INSERT INTO `sensword` VALUES ('中共近期权力斗争');
INSERT INTO `sensword` VALUES ('中共恐惧');
INSERT INTO `sensword` VALUES ('中共权力斗争');
INSERT INTO `sensword` VALUES ('中共任用');
INSERT INTO `sensword` VALUES ('中共退党');
INSERT INTO `sensword` VALUES ('中共洗脑');
INSERT INTO `sensword` VALUES ('中共邪教');
INSERT INTO `sensword` VALUES ('中共邪毒素');
INSERT INTO `sensword` VALUES ('中共政治游戏');
INSERT INTO `sensword` VALUES ('爱女人');
INSERT INTO `sensword` VALUES ('爱液');
INSERT INTO `sensword` VALUES ('按摩棒');
INSERT INTO `sensword` VALUES ('拔出来');
INSERT INTO `sensword` VALUES ('爆草');
INSERT INTO `sensword` VALUES ('包二奶');
INSERT INTO `sensword` VALUES ('暴干');
INSERT INTO `sensword` VALUES ('暴奸');
INSERT INTO `sensword` VALUES ('暴乳');
INSERT INTO `sensword` VALUES ('爆乳');
INSERT INTO `sensword` VALUES ('暴淫');
INSERT INTO `sensword` VALUES ('屄');
INSERT INTO `sensword` VALUES ('被操');
INSERT INTO `sensword` VALUES ('被插');
INSERT INTO `sensword` VALUES ('被干');
INSERT INTO `sensword` VALUES ('逼奸');
INSERT INTO `sensword` VALUES ('仓井空');
INSERT INTO `sensword` VALUES ('插暴');
INSERT INTO `sensword` VALUES ('操逼');
INSERT INTO `sensword` VALUES ('操黑');
INSERT INTO `sensword` VALUES ('操烂');
INSERT INTO `sensword` VALUES ('肏你');
INSERT INTO `sensword` VALUES ('肏死');
INSERT INTO `sensword` VALUES ('操死');
INSERT INTO `sensword` VALUES ('操我');
INSERT INTO `sensword` VALUES ('厕奴');
INSERT INTO `sensword` VALUES ('插比');
INSERT INTO `sensword` VALUES ('插b');
INSERT INTO `sensword` VALUES ('插逼');
INSERT INTO `sensword` VALUES ('插进');
INSERT INTO `sensword` VALUES ('插你');
INSERT INTO `sensword` VALUES ('插我');
INSERT INTO `sensword` VALUES ('插阴');
INSERT INTO `sensword` VALUES ('潮吹');
INSERT INTO `sensword` VALUES ('潮喷');
INSERT INTO `sensword` VALUES ('成人dv');
INSERT INTO `sensword` VALUES ('成人电影');
INSERT INTO `sensword` VALUES ('成人论坛');
INSERT INTO `sensword` VALUES ('成人小说');
INSERT INTO `sensword` VALUES ('成人电');
INSERT INTO `sensword` VALUES ('成人电影');
INSERT INTO `sensword` VALUES ('成人卡通');
INSERT INTO `sensword` VALUES ('成人聊');
INSERT INTO `sensword` VALUES ('成人片');
INSERT INTO `sensword` VALUES ('成人视');
INSERT INTO `sensword` VALUES ('成人图');
INSERT INTO `sensword` VALUES ('成人文');
INSERT INTO `sensword` VALUES ('成人小');
INSERT INTO `sensword` VALUES ('成人电影');
INSERT INTO `sensword` VALUES ('成人论坛');
INSERT INTO `sensword` VALUES ('成人色情');
INSERT INTO `sensword` VALUES ('成人网站');
INSERT INTO `sensword` VALUES ('成人文学');
INSERT INTO `sensword` VALUES ('成人小说');
INSERT INTO `sensword` VALUES ('艳情小说');
INSERT INTO `sensword` VALUES ('成人游戏');
INSERT INTO `sensword` VALUES ('吃精');
INSERT INTO `sensword` VALUES ('赤裸');
INSERT INTO `sensword` VALUES ('抽插');
INSERT INTO `sensword` VALUES ('扌由插');
INSERT INTO `sensword` VALUES ('抽一插');
INSERT INTO `sensword` VALUES ('春药');
INSERT INTO `sensword` VALUES ('大波');
INSERT INTO `sensword` VALUES ('大力抽送');
INSERT INTO `sensword` VALUES ('大乳');
INSERT INTO `sensword` VALUES ('荡妇');
INSERT INTO `sensword` VALUES ('荡女');
INSERT INTO `sensword` VALUES ('盗撮');
INSERT INTO `sensword` VALUES ('多人轮');
INSERT INTO `sensword` VALUES ('发浪');
INSERT INTO `sensword` VALUES ('放尿');
INSERT INTO `sensword` VALUES ('肥逼');
INSERT INTO `sensword` VALUES ('粉穴');
INSERT INTO `sensword` VALUES ('封面女郎');
INSERT INTO `sensword` VALUES ('风月大陆');
INSERT INTO `sensword` VALUES ('干死你');
INSERT INTO `sensword` VALUES ('干穴');
INSERT INTO `sensword` VALUES ('肛交');
INSERT INTO `sensword` VALUES ('肛门');
INSERT INTO `sensword` VALUES ('龟头');
INSERT INTO `sensword` VALUES ('裹本');
INSERT INTO `sensword` VALUES ('国产av');
INSERT INTO `sensword` VALUES ('好嫩');
INSERT INTO `sensword` VALUES ('豪乳');
INSERT INTO `sensword` VALUES ('黑逼');
INSERT INTO `sensword` VALUES ('后庭');
INSERT INTO `sensword` VALUES ('后穴');
INSERT INTO `sensword` VALUES ('虎骑');
INSERT INTO `sensword` VALUES ('花花公子');
INSERT INTO `sensword` VALUES ('换妻俱乐部');
INSERT INTO `sensword` VALUES ('黄片');
INSERT INTO `sensword` VALUES ('几吧');
INSERT INTO `sensword` VALUES ('鸡吧');
INSERT INTO `sensword` VALUES ('鸡巴');
INSERT INTO `sensword` VALUES ('鸡奸');
INSERT INTO `sensword` VALUES ('寂寞男');
INSERT INTO `sensword` VALUES ('寂寞女');
INSERT INTO `sensword` VALUES ('妓女');
INSERT INTO `sensword` VALUES ('激情');
INSERT INTO `sensword` VALUES ('集体淫');
INSERT INTO `sensword` VALUES ('奸情');
INSERT INTO `sensword` VALUES ('叫床');
INSERT INTO `sensword` VALUES ('脚交');
INSERT INTO `sensword` VALUES ('金鳞岂是池中物');
INSERT INTO `sensword` VALUES ('金麟岂是池中物');
INSERT INTO `sensword` VALUES ('精液');
INSERT INTO `sensword` VALUES ('就去日');
INSERT INTO `sensword` VALUES ('巨屌');
INSERT INTO `sensword` VALUES ('菊花洞');
INSERT INTO `sensword` VALUES ('菊门');
INSERT INTO `sensword` VALUES ('巨奶');
INSERT INTO `sensword` VALUES ('巨乳');
INSERT INTO `sensword` VALUES ('菊穴');
INSERT INTO `sensword` VALUES ('开苞');
INSERT INTO `sensword` VALUES ('口爆');
INSERT INTO `sensword` VALUES ('口活');
INSERT INTO `sensword` VALUES ('口交');
INSERT INTO `sensword` VALUES ('口射');
INSERT INTO `sensword` VALUES ('口淫');
INSERT INTO `sensword` VALUES ('裤袜');
INSERT INTO `sensword` VALUES ('狂操');
INSERT INTO `sensword` VALUES ('狂插');
INSERT INTO `sensword` VALUES ('浪逼');
INSERT INTO `sensword` VALUES ('浪妇');
INSERT INTO `sensword` VALUES ('浪叫');
INSERT INTO `sensword` VALUES ('浪女');
INSERT INTO `sensword` VALUES ('狼友');
INSERT INTO `sensword` VALUES ('聊性');
INSERT INTO `sensword` VALUES ('流淫');
INSERT INTO `sensword` VALUES ('铃木麻');
INSERT INTO `sensword` VALUES ('凌辱');
INSERT INTO `sensword` VALUES ('漏乳');
INSERT INTO `sensword` VALUES ('露b');
INSERT INTO `sensword` VALUES ('乱交');
INSERT INTO `sensword` VALUES ('乱伦');
INSERT INTO `sensword` VALUES ('轮暴');
INSERT INTO `sensword` VALUES ('轮操');
INSERT INTO `sensword` VALUES ('轮奸');
INSERT INTO `sensword` VALUES ('裸陪');
INSERT INTO `sensword` VALUES ('买春');
INSERT INTO `sensword` VALUES ('美逼');
INSERT INTO `sensword` VALUES ('美少妇');
INSERT INTO `sensword` VALUES ('美乳');
INSERT INTO `sensword` VALUES ('美腿');
INSERT INTO `sensword` VALUES ('美穴');
INSERT INTO `sensword` VALUES ('美幼');
INSERT INTO `sensword` VALUES ('秘唇');
INSERT INTO `sensword` VALUES ('迷奸');
INSERT INTO `sensword` VALUES ('密穴');
INSERT INTO `sensword` VALUES ('蜜穴');
INSERT INTO `sensword` VALUES ('蜜液');
INSERT INTO `sensword` VALUES ('摸奶');
INSERT INTO `sensword` VALUES ('摸胸');
INSERT INTO `sensword` VALUES ('母奸');
INSERT INTO `sensword` VALUES ('奈美');
INSERT INTO `sensword` VALUES ('奶子');
INSERT INTO `sensword` VALUES ('男奴');
INSERT INTO `sensword` VALUES ('内射');
INSERT INTO `sensword` VALUES ('嫩逼');
INSERT INTO `sensword` VALUES ('嫩女');
INSERT INTO `sensword` VALUES ('嫩穴');
INSERT INTO `sensword` VALUES ('捏弄');
INSERT INTO `sensword` VALUES ('女优');
INSERT INTO `sensword` VALUES ('炮友');
INSERT INTO `sensword` VALUES ('砲友');
INSERT INTO `sensword` VALUES ('喷精');
INSERT INTO `sensword` VALUES ('屁眼');
INSERT INTO `sensword` VALUES ('品香堂');
INSERT INTO `sensword` VALUES ('前凸后翘');
INSERT INTO `sensword` VALUES ('强jian');
INSERT INTO `sensword` VALUES ('强暴');
INSERT INTO `sensword` VALUES ('强奸处女');
INSERT INTO `sensword` VALUES ('情趣用品');
INSERT INTO `sensword` VALUES ('情色');
INSERT INTO `sensword` VALUES ('拳交');
INSERT INTO `sensword` VALUES ('全裸');
INSERT INTO `sensword` VALUES ('群交');
INSERT INTO `sensword` VALUES ('惹火身材');
INSERT INTO `sensword` VALUES ('人妻');
INSERT INTO `sensword` VALUES ('人兽');
INSERT INTO `sensword` VALUES ('日逼');
INSERT INTO `sensword` VALUES ('日烂');
INSERT INTO `sensword` VALUES ('肉棒');
INSERT INTO `sensword` VALUES ('肉逼');
INSERT INTO `sensword` VALUES ('肉唇');
INSERT INTO `sensword` VALUES ('肉洞');
INSERT INTO `sensword` VALUES ('肉缝');
INSERT INTO `sensword` VALUES ('肉棍');
INSERT INTO `sensword` VALUES ('肉茎');
INSERT INTO `sensword` VALUES ('肉具');
INSERT INTO `sensword` VALUES ('揉乳');
INSERT INTO `sensword` VALUES ('肉穴');
INSERT INTO `sensword` VALUES ('肉欲');
INSERT INTO `sensword` VALUES ('乳爆');
INSERT INTO `sensword` VALUES ('乳房');
INSERT INTO `sensword` VALUES ('乳沟');
INSERT INTO `sensword` VALUES ('乳交');
INSERT INTO `sensword` VALUES ('乳头');
INSERT INTO `sensword` VALUES ('三级片');
INSERT INTO `sensword` VALUES ('骚逼');
INSERT INTO `sensword` VALUES ('骚比');
INSERT INTO `sensword` VALUES ('骚女');
INSERT INTO `sensword` VALUES ('骚水');
INSERT INTO `sensword` VALUES ('骚穴');
INSERT INTO `sensword` VALUES ('色逼');
INSERT INTO `sensword` VALUES ('色界');
INSERT INTO `sensword` VALUES ('色猫');
INSERT INTO `sensword` VALUES ('色盟');
INSERT INTO `sensword` VALUES ('色情网站');
INSERT INTO `sensword` VALUES ('色区');
INSERT INTO `sensword` VALUES ('色色');
INSERT INTO `sensword` VALUES ('色诱');
INSERT INTO `sensword` VALUES ('色欲');
INSERT INTO `sensword` VALUES ('色b');
INSERT INTO `sensword` VALUES ('少年阿宾');
INSERT INTO `sensword` VALUES ('少修正');
INSERT INTO `sensword` VALUES ('射爽');
INSERT INTO `sensword` VALUES ('射颜');
INSERT INTO `sensword` VALUES ('食精');
INSERT INTO `sensword` VALUES ('释欲');
INSERT INTO `sensword` VALUES ('兽奸');
INSERT INTO `sensword` VALUES ('兽交');
INSERT INTO `sensword` VALUES ('手淫');
INSERT INTO `sensword` VALUES ('兽欲');
INSERT INTO `sensword` VALUES ('熟妇');
INSERT INTO `sensword` VALUES ('熟母');
INSERT INTO `sensword` VALUES ('熟女');
INSERT INTO `sensword` VALUES ('爽片');
INSERT INTO `sensword` VALUES ('爽死我了');
INSERT INTO `sensword` VALUES ('双臀');
INSERT INTO `sensword` VALUES ('死逼');
INSERT INTO `sensword` VALUES ('丝袜');
INSERT INTO `sensword` VALUES ('丝诱');
INSERT INTO `sensword` VALUES ('松岛枫');
INSERT INTO `sensword` VALUES ('酥痒');
INSERT INTO `sensword` VALUES ('汤加丽');
INSERT INTO `sensword` VALUES ('套弄');
INSERT INTO `sensword` VALUES ('体奸');
INSERT INTO `sensword` VALUES ('体位');
INSERT INTO `sensword` VALUES ('舔脚');
INSERT INTO `sensword` VALUES ('舔阴');
INSERT INTO `sensword` VALUES ('调教');
INSERT INTO `sensword` VALUES ('偷欢');
INSERT INTO `sensword` VALUES ('偷拍');
INSERT INTO `sensword` VALUES ('推油');
INSERT INTO `sensword` VALUES ('脱内裤');
INSERT INTO `sensword` VALUES ('文做');
INSERT INTO `sensword` VALUES ('我就色');
INSERT INTO `sensword` VALUES ('无码');
INSERT INTO `sensword` VALUES ('舞女');
INSERT INTO `sensword` VALUES ('无修正');
INSERT INTO `sensword` VALUES ('吸精');
INSERT INTO `sensword` VALUES ('夏川纯');
INSERT INTO `sensword` VALUES ('相奸');
INSERT INTO `sensword` VALUES ('小逼');
INSERT INTO `sensword` VALUES ('校鸡');
INSERT INTO `sensword` VALUES ('小穴');
INSERT INTO `sensword` VALUES ('小xue');
INSERT INTO `sensword` VALUES ('写真');
INSERT INTO `sensword` VALUES ('性感妖娆');
INSERT INTO `sensword` VALUES ('性感诱惑');
INSERT INTO `sensword` VALUES ('性虎');
INSERT INTO `sensword` VALUES ('性饥渴');
INSERT INTO `sensword` VALUES ('性技巧');
INSERT INTO `sensword` VALUES ('性交');
INSERT INTO `sensword` VALUES ('性奴');
INSERT INTO `sensword` VALUES ('性虐');
INSERT INTO `sensword` VALUES ('性息');
INSERT INTO `sensword` VALUES ('性欲');
INSERT INTO `sensword` VALUES ('胸推');
INSERT INTO `sensword` VALUES ('穴口');
INSERT INTO `sensword` VALUES ('学生妹');
INSERT INTO `sensword` VALUES ('穴图');
INSERT INTO `sensword` VALUES ('亚情');
INSERT INTO `sensword` VALUES ('颜射');
INSERT INTO `sensword` VALUES ('阳具');
INSERT INTO `sensword` VALUES ('杨思敏');
INSERT INTO `sensword` VALUES ('要射了');
INSERT INTO `sensword` VALUES ('夜勤病栋');
INSERT INTO `sensword` VALUES ('一本道');
INSERT INTO `sensword` VALUES ('一夜欢');
INSERT INTO `sensword` VALUES ('一夜情');
INSERT INTO `sensword` VALUES ('一ye情');
INSERT INTO `sensword` VALUES ('阴部');
INSERT INTO `sensword` VALUES ('淫虫');
INSERT INTO `sensword` VALUES ('阴唇');
INSERT INTO `sensword` VALUES ('淫荡');
INSERT INTO `sensword` VALUES ('阴道');
INSERT INTO `sensword` VALUES ('淫电影');
INSERT INTO `sensword` VALUES ('阴阜');
INSERT INTO `sensword` VALUES ('淫妇');
INSERT INTO `sensword` VALUES ('淫河');
INSERT INTO `sensword` VALUES ('阴核');
INSERT INTO `sensword` VALUES ('阴户');
INSERT INTO `sensword` VALUES ('淫贱');
INSERT INTO `sensword` VALUES ('淫叫');
INSERT INTO `sensword` VALUES ('淫教师');
INSERT INTO `sensword` VALUES ('阴茎');
INSERT INTO `sensword` VALUES ('阴精');
INSERT INTO `sensword` VALUES ('淫浪');
INSERT INTO `sensword` VALUES ('淫媚');
INSERT INTO `sensword` VALUES ('淫糜');
INSERT INTO `sensword` VALUES ('淫魔');
INSERT INTO `sensword` VALUES ('淫母');
INSERT INTO `sensword` VALUES ('淫女');
INSERT INTO `sensword` VALUES ('淫虐');
INSERT INTO `sensword` VALUES ('淫妻');
INSERT INTO `sensword` VALUES ('淫情');
INSERT INTO `sensword` VALUES ('淫色');
INSERT INTO `sensword` VALUES ('淫声浪语');
INSERT INTO `sensword` VALUES ('淫兽学园');
INSERT INTO `sensword` VALUES ('淫书');
INSERT INTO `sensword` VALUES ('淫术炼金士');
INSERT INTO `sensword` VALUES ('淫水');
INSERT INTO `sensword` VALUES ('淫娃');
INSERT INTO `sensword` VALUES ('淫威');
INSERT INTO `sensword` VALUES ('淫亵');
INSERT INTO `sensword` VALUES ('淫样');
INSERT INTO `sensword` VALUES ('淫液');
INSERT INTO `sensword` VALUES ('淫照');
INSERT INTO `sensword` VALUES ('阴b');
INSERT INTO `sensword` VALUES ('应召');
INSERT INTO `sensword` VALUES ('幼交');
INSERT INTO `sensword` VALUES ('幼男');
INSERT INTO `sensword` VALUES ('幼女');
INSERT INTO `sensword` VALUES ('欲火');
INSERT INTO `sensword` VALUES ('欲女');
INSERT INTO `sensword` VALUES ('玉女心经');
INSERT INTO `sensword` VALUES ('玉蒲团');
INSERT INTO `sensword` VALUES ('玉乳');
INSERT INTO `sensword` VALUES ('欲仙欲死');
INSERT INTO `sensword` VALUES ('玉穴');
INSERT INTO `sensword` VALUES ('援交');
INSERT INTO `sensword` VALUES ('原味内衣');
INSERT INTO `sensword` VALUES ('援助交际');
INSERT INTO `sensword` VALUES ('张筱雨');
INSERT INTO `sensword` VALUES ('招鸡');
INSERT INTO `sensword` VALUES ('招妓');
INSERT INTO `sensword` VALUES ('中年美妇');
INSERT INTO `sensword` VALUES ('抓胸');
INSERT INTO `sensword` VALUES ('自拍');
INSERT INTO `sensword` VALUES ('自慰');
INSERT INTO `sensword` VALUES ('作爱');
INSERT INTO `sensword` VALUES ('18禁');
INSERT INTO `sensword` VALUES ('99bb');
INSERT INTO `sensword` VALUES ('a4u');
INSERT INTO `sensword` VALUES ('a4y');
INSERT INTO `sensword` VALUES ('adult');
INSERT INTO `sensword` VALUES ('amateur');
INSERT INTO `sensword` VALUES ('anal');
INSERT INTO `sensword` VALUES ('a片');
INSERT INTO `sensword` VALUES ('fuck');
INSERT INTO `sensword` VALUES ('gay片');
INSERT INTO `sensword` VALUES ('g点');
INSERT INTO `sensword` VALUES ('g片');
INSERT INTO `sensword` VALUES ('hardcore');
INSERT INTO `sensword` VALUES ('h动画');
INSERT INTO `sensword` VALUES ('h动漫');
INSERT INTO `sensword` VALUES ('incest');
INSERT INTO `sensword` VALUES ('porn');
INSERT INTO `sensword` VALUES ('secom');
INSERT INTO `sensword` VALUES ('sexinsex');
INSERT INTO `sensword` VALUES ('sm女王');
INSERT INTO `sensword` VALUES ('xiao77');
INSERT INTO `sensword` VALUES ('xing伴侣');
INSERT INTO `sensword` VALUES ('tokyohot');
INSERT INTO `sensword` VALUES ('yin荡');
INSERT INTO `sensword` VALUES ('贱人');
INSERT INTO `sensword` VALUES ('装b');
INSERT INTO `sensword` VALUES ('大sb');
INSERT INTO `sensword` VALUES ('傻逼');
INSERT INTO `sensword` VALUES ('傻b');
INSERT INTO `sensword` VALUES ('煞逼');
INSERT INTO `sensword` VALUES ('煞笔');
INSERT INTO `sensword` VALUES ('刹笔');
INSERT INTO `sensword` VALUES ('傻比');
INSERT INTO `sensword` VALUES ('沙比');
INSERT INTO `sensword` VALUES ('欠干');
INSERT INTO `sensword` VALUES ('婊子养的');
INSERT INTO `sensword` VALUES ('我日你');
INSERT INTO `sensword` VALUES ('我操');
INSERT INTO `sensword` VALUES ('我草');
INSERT INTO `sensword` VALUES ('卧艹');
INSERT INTO `sensword` VALUES ('卧槽');
INSERT INTO `sensword` VALUES ('爆你菊');
INSERT INTO `sensword` VALUES ('艹你');
INSERT INTO `sensword` VALUES ('cao你');
INSERT INTO `sensword` VALUES ('你他妈');
INSERT INTO `sensword` VALUES ('真他妈');
INSERT INTO `sensword` VALUES ('别他吗');
INSERT INTO `sensword` VALUES ('草你吗');
INSERT INTO `sensword` VALUES ('草你丫');
INSERT INTO `sensword` VALUES ('操你妈');
INSERT INTO `sensword` VALUES ('擦你妈');
INSERT INTO `sensword` VALUES ('操你娘');
INSERT INTO `sensword` VALUES ('操他妈');
INSERT INTO `sensword` VALUES ('日你妈');
INSERT INTO `sensword` VALUES ('干你妈');
INSERT INTO `sensword` VALUES ('干你娘');
INSERT INTO `sensword` VALUES ('娘西皮');
INSERT INTO `sensword` VALUES ('狗操');
INSERT INTO `sensword` VALUES ('狗草');
INSERT INTO `sensword` VALUES ('狗杂种');
INSERT INTO `sensword` VALUES ('狗日的');
INSERT INTO `sensword` VALUES ('操你祖宗');
INSERT INTO `sensword` VALUES ('操你全家');
INSERT INTO `sensword` VALUES ('操你大爷');
INSERT INTO `sensword` VALUES ('妈逼');
INSERT INTO `sensword` VALUES ('你麻痹');
INSERT INTO `sensword` VALUES ('麻痹的');
INSERT INTO `sensword` VALUES ('妈了个逼');
INSERT INTO `sensword` VALUES ('马勒');
INSERT INTO `sensword` VALUES ('狗娘养');
INSERT INTO `sensword` VALUES ('贱比');
INSERT INTO `sensword` VALUES ('贱b');
INSERT INTO `sensword` VALUES ('下贱');
INSERT INTO `sensword` VALUES ('死全家');
INSERT INTO `sensword` VALUES ('全家死光');
INSERT INTO `sensword` VALUES ('全家不得好死');
INSERT INTO `sensword` VALUES ('全家死绝');
INSERT INTO `sensword` VALUES ('白痴');
INSERT INTO `sensword` VALUES ('无耻');
INSERT INTO `sensword` VALUES ('sb');
INSERT INTO `sensword` VALUES ('杀b');
INSERT INTO `sensword` VALUES ('你吗b');
INSERT INTO `sensword` VALUES ('你妈的');
INSERT INTO `sensword` VALUES ('婊子');
INSERT INTO `sensword` VALUES ('贱货');
INSERT INTO `sensword` VALUES ('人渣');
INSERT INTO `sensword` VALUES ('混蛋');
INSERT INTO `sensword` VALUES ('媚外');
INSERT INTO `sensword` VALUES ('和弦');
INSERT INTO `sensword` VALUES ('兼职');
INSERT INTO `sensword` VALUES ('限量');
INSERT INTO `sensword` VALUES ('铃声');
INSERT INTO `sensword` VALUES ('性伴侣');
INSERT INTO `sensword` VALUES ('男公关');
INSERT INTO `sensword` VALUES ('火辣');
INSERT INTO `sensword` VALUES ('精子');
INSERT INTO `sensword` VALUES ('射精');
INSERT INTO `sensword` VALUES ('诱奸');
INSERT INTO `sensword` VALUES ('强奸');
INSERT INTO `sensword` VALUES ('做爱');
INSERT INTO `sensword` VALUES ('性爱');
INSERT INTO `sensword` VALUES ('发生关系');
INSERT INTO `sensword` VALUES ('按摩');
INSERT INTO `sensword` VALUES ('快感');
INSERT INTO `sensword` VALUES ('处男');
INSERT INTO `sensword` VALUES ('猛男');
INSERT INTO `sensword` VALUES ('少妇');
INSERT INTO `sensword` VALUES ('屌');
INSERT INTO `sensword` VALUES ('屁股');
INSERT INTO `sensword` VALUES ('下体');
INSERT INTO `sensword` VALUES ('a片');
INSERT INTO `sensword` VALUES ('内裤');
INSERT INTO `sensword` VALUES ('浑圆');
INSERT INTO `sensword` VALUES ('咪咪');
INSERT INTO `sensword` VALUES ('发情');
INSERT INTO `sensword` VALUES ('刺激');
INSERT INTO `sensword` VALUES ('白嫩');
INSERT INTO `sensword` VALUES ('粉嫩');
INSERT INTO `sensword` VALUES ('兽性');
INSERT INTO `sensword` VALUES ('风骚');
INSERT INTO `sensword` VALUES ('呻吟');
INSERT INTO `sensword` VALUES ('sm');
INSERT INTO `sensword` VALUES ('阉割');
INSERT INTO `sensword` VALUES ('高潮');
INSERT INTO `sensword` VALUES ('裸露');
INSERT INTO `sensword` VALUES ('不穿');
INSERT INTO `sensword` VALUES ('一丝不挂');
INSERT INTO `sensword` VALUES ('脱光');
INSERT INTO `sensword` VALUES ('干你');
INSERT INTO `sensword` VALUES ('干死');
INSERT INTO `sensword` VALUES ('我干');
INSERT INTO `sensword` VALUES ('裙中性运动');
INSERT INTO `sensword` VALUES ('乱奸');
INSERT INTO `sensword` VALUES ('乱伦');
INSERT INTO `sensword` VALUES ('乱伦类');
INSERT INTO `sensword` VALUES ('乱伦小');
INSERT INTO `sensword` VALUES ('伦理大');
INSERT INTO `sensword` VALUES ('伦理电影');
INSERT INTO `sensword` VALUES ('伦理毛');
INSERT INTO `sensword` VALUES ('伦理片');
INSERT INTO `sensword` VALUES ('裸聊');
INSERT INTO `sensword` VALUES ('裸聊网');
INSERT INTO `sensword` VALUES ('裸体写真');
INSERT INTO `sensword` VALUES ('裸舞视');
INSERT INTO `sensword` VALUES ('裸照');
INSERT INTO `sensword` VALUES ('美女裸体');
INSERT INTO `sensword` VALUES ('美女写真');
INSERT INTO `sensword` VALUES ('美女上门');
INSERT INTO `sensword` VALUES ('美艳少妇');
INSERT INTO `sensword` VALUES ('妹按摩');
INSERT INTO `sensword` VALUES ('妹上门');
INSERT INTO `sensword` VALUES ('迷幻药');
INSERT INTO `sensword` VALUES ('迷幻藥');
INSERT INTO `sensword` VALUES ('迷昏口');
INSERT INTO `sensword` VALUES ('迷昏药');
INSERT INTO `sensword` VALUES ('迷昏藥');
INSERT INTO `sensword` VALUES ('迷魂香');
INSERT INTO `sensword` VALUES ('迷魂药');
INSERT INTO `sensword` VALUES ('迷魂藥');
INSERT INTO `sensword` VALUES ('迷奸粉');
INSERT INTO `sensword` VALUES ('迷奸药');
INSERT INTO `sensword` VALUES ('迷情粉');
INSERT INTO `sensword` VALUES ('迷情水');
INSERT INTO `sensword` VALUES ('迷情药');
INSERT INTO `sensword` VALUES ('迷药');
INSERT INTO `sensword` VALUES ('迷藥');
INSERT INTO `sensword` VALUES ('谜奸药');
INSERT INTO `sensword` VALUES ('骚妇');
INSERT INTO `sensword` VALUES ('骚货');
INSERT INTO `sensword` VALUES ('骚浪');
INSERT INTO `sensword` VALUES ('骚女');
INSERT INTO `sensword` VALUES ('骚嘴');
INSERT INTO `sensword` VALUES ('色电影');
INSERT INTO `sensword` VALUES ('色妹妹');
INSERT INTO `sensword` VALUES ('色情表演');
INSERT INTO `sensword` VALUES ('色情电影');
INSERT INTO `sensword` VALUES ('色情服务');
INSERT INTO `sensword` VALUES ('色情图片');
INSERT INTO `sensword` VALUES ('色情小说');
INSERT INTO `sensword` VALUES ('色情影片');
INSERT INTO `sensword` VALUES ('色情表演');
INSERT INTO `sensword` VALUES ('色情电影');
INSERT INTO `sensword` VALUES ('色情服务');
INSERT INTO `sensword` VALUES ('色情片');
INSERT INTO `sensword` VALUES ('色视频');
INSERT INTO `sensword` VALUES ('色小说');
INSERT INTO `sensword` VALUES ('性伴侣');
INSERT INTO `sensword` VALUES ('性服务');
INSERT INTO `sensword` VALUES ('性福情');
INSERT INTO `sensword` VALUES ('性感少');
INSERT INTO `sensword` VALUES ('性伙伴');
INSERT INTO `sensword` VALUES ('性交');
INSERT INTO `sensword` VALUES ('性交视频');
INSERT INTO `sensword` VALUES ('性交图片');
INSERT INTO `sensword` VALUES ('性奴');
INSERT INTO `sensword` VALUES ('性奴集中营');
INSERT INTO `sensword` VALUES ('性虐');
INSERT INTO `sensword` VALUES ('阴唇');
INSERT INTO `sensword` VALUES ('阴道');
INSERT INTO `sensword` VALUES ('阴蒂');
INSERT INTO `sensword` VALUES ('阴户');
INSERT INTO `sensword` VALUES ('阴间来电');
INSERT INTO `sensword` VALUES ('阴茎');
INSERT INTO `sensword` VALUES ('阴茎增大');
INSERT INTO `sensword` VALUES ('阴茎助勃');
INSERT INTO `sensword` VALUES ('阴毛');
INSERT INTO `sensword` VALUES ('陰唇');
INSERT INTO `sensword` VALUES ('陰道');
INSERT INTO `sensword` VALUES ('陰戶');
INSERT INTO `sensword` VALUES ('淫荡');
INSERT INTO `sensword` VALUES ('淫荡美女');
INSERT INTO `sensword` VALUES ('淫荡视频');
INSERT INTO `sensword` VALUES ('淫荡照片');
INSERT INTO `sensword` VALUES ('淫乱');
INSERT INTO `sensword` VALUES ('淫靡');
INSERT INTO `sensword` VALUES ('淫魔');
INSERT INTO `sensword` VALUES ('淫魔舞');
INSERT INTO `sensword` VALUES ('淫女');
INSERT INTO `sensword` VALUES ('淫情女');
INSERT INTO `sensword` VALUES ('淫肉');
INSERT INTO `sensword` VALUES ('淫騷妹');
INSERT INTO `sensword` VALUES ('淫兽');
INSERT INTO `sensword` VALUES ('淫兽学');
INSERT INTO `sensword` VALUES ('淫水');
INSERT INTO `sensword` VALUES ('淫穴');
INSERT INTO `sensword` VALUES ('morphine');
INSERT INTO `sensword` VALUES ('摇头丸');
INSERT INTO `sensword` VALUES ('迷药');
INSERT INTO `sensword` VALUES ('乖乖粉');
INSERT INTO `sensword` VALUES ('narcotic');
INSERT INTO `sensword` VALUES ('麻醉药');
INSERT INTO `sensword` VALUES ('精神药品');
INSERT INTO `sensword` VALUES ('爱女人');
INSERT INTO `sensword` VALUES ('爱液');
INSERT INTO `sensword` VALUES ('按摩棒');
INSERT INTO `sensword` VALUES ('拔出来');
INSERT INTO `sensword` VALUES ('爆草');
INSERT INTO `sensword` VALUES ('包二奶');
INSERT INTO `sensword` VALUES ('暴干');
INSERT INTO `sensword` VALUES ('暴奸');
INSERT INTO `sensword` VALUES ('暴乳');
INSERT INTO `sensword` VALUES ('爆乳');
INSERT INTO `sensword` VALUES ('暴淫');
INSERT INTO `sensword` VALUES ('屄');
INSERT INTO `sensword` VALUES ('被操');
INSERT INTO `sensword` VALUES ('被插');
INSERT INTO `sensword` VALUES ('被干');
INSERT INTO `sensword` VALUES ('逼奸');
INSERT INTO `sensword` VALUES ('仓井空');
INSERT INTO `sensword` VALUES ('插暴');
INSERT INTO `sensword` VALUES ('操逼');
INSERT INTO `sensword` VALUES ('操黑');
INSERT INTO `sensword` VALUES ('操烂');
INSERT INTO `sensword` VALUES ('肏你');
INSERT INTO `sensword` VALUES ('肏死');
INSERT INTO `sensword` VALUES ('操死');
INSERT INTO `sensword` VALUES ('操我');
INSERT INTO `sensword` VALUES ('厕奴');
INSERT INTO `sensword` VALUES ('插比');
INSERT INTO `sensword` VALUES ('插b');
INSERT INTO `sensword` VALUES ('插逼');
INSERT INTO `sensword` VALUES ('插进');
INSERT INTO `sensword` VALUES ('插你');
INSERT INTO `sensword` VALUES ('插我');
INSERT INTO `sensword` VALUES ('插阴');
INSERT INTO `sensword` VALUES ('潮吹');
INSERT INTO `sensword` VALUES ('潮喷');
INSERT INTO `sensword` VALUES ('成人电影');
INSERT INTO `sensword` VALUES ('成人论坛');
INSERT INTO `sensword` VALUES ('成人色情');
INSERT INTO `sensword` VALUES ('成人网站');
INSERT INTO `sensword` VALUES ('成人文学');
INSERT INTO `sensword` VALUES ('成人小说');
INSERT INTO `sensword` VALUES ('艳情小说');
INSERT INTO `sensword` VALUES ('成人游戏');
INSERT INTO `sensword` VALUES ('吃精');
INSERT INTO `sensword` VALUES ('赤裸');
INSERT INTO `sensword` VALUES ('抽插');
INSERT INTO `sensword` VALUES ('扌由插');
INSERT INTO `sensword` VALUES ('抽一插');
INSERT INTO `sensword` VALUES ('春药');
INSERT INTO `sensword` VALUES ('大波');
INSERT INTO `sensword` VALUES ('大力抽送');
INSERT INTO `sensword` VALUES ('大乳');
INSERT INTO `sensword` VALUES ('荡妇');
INSERT INTO `sensword` VALUES ('荡女');
INSERT INTO `sensword` VALUES ('盗撮');
INSERT INTO `sensword` VALUES ('多人轮');
INSERT INTO `sensword` VALUES ('发浪');
INSERT INTO `sensword` VALUES ('放尿');
INSERT INTO `sensword` VALUES ('肥逼');
INSERT INTO `sensword` VALUES ('粉穴');
INSERT INTO `sensword` VALUES ('封面女郎');
INSERT INTO `sensword` VALUES ('风月大陆');
INSERT INTO `sensword` VALUES ('干死你');
INSERT INTO `sensword` VALUES ('干穴');
INSERT INTO `sensword` VALUES ('肛交');
INSERT INTO `sensword` VALUES ('肛门');
INSERT INTO `sensword` VALUES ('龟头');
INSERT INTO `sensword` VALUES ('裹本');
INSERT INTO `sensword` VALUES ('国产av');
INSERT INTO `sensword` VALUES ('好嫩');
INSERT INTO `sensword` VALUES ('豪乳');
INSERT INTO `sensword` VALUES ('黑逼');
INSERT INTO `sensword` VALUES ('后庭');
INSERT INTO `sensword` VALUES ('后穴');
INSERT INTO `sensword` VALUES ('虎骑');
INSERT INTO `sensword` VALUES ('花花公子');
INSERT INTO `sensword` VALUES ('换妻俱乐部');
INSERT INTO `sensword` VALUES ('黄片');
INSERT INTO `sensword` VALUES ('几吧');
INSERT INTO `sensword` VALUES ('鸡吧');
INSERT INTO `sensword` VALUES ('鸡巴');
INSERT INTO `sensword` VALUES ('鸡奸');
INSERT INTO `sensword` VALUES ('寂寞男');
INSERT INTO `sensword` VALUES ('寂寞女');
INSERT INTO `sensword` VALUES ('妓女');
INSERT INTO `sensword` VALUES ('激情');
INSERT INTO `sensword` VALUES ('集体淫');
INSERT INTO `sensword` VALUES ('奸情');
INSERT INTO `sensword` VALUES ('叫床');
INSERT INTO `sensword` VALUES ('脚交');
INSERT INTO `sensword` VALUES ('金鳞岂是池中物');
INSERT INTO `sensword` VALUES ('金麟岂是池中物');
INSERT INTO `sensword` VALUES ('精液');
INSERT INTO `sensword` VALUES ('就去日');
INSERT INTO `sensword` VALUES ('巨屌');
INSERT INTO `sensword` VALUES ('菊花洞');
INSERT INTO `sensword` VALUES ('菊门');
INSERT INTO `sensword` VALUES ('巨奶');
INSERT INTO `sensword` VALUES ('巨乳');
INSERT INTO `sensword` VALUES ('菊穴');
INSERT INTO `sensword` VALUES ('开苞');
INSERT INTO `sensword` VALUES ('口爆');
INSERT INTO `sensword` VALUES ('口活');
INSERT INTO `sensword` VALUES ('口交');
INSERT INTO `sensword` VALUES ('口射');
INSERT INTO `sensword` VALUES ('口淫');
INSERT INTO `sensword` VALUES ('裤袜');
INSERT INTO `sensword` VALUES ('狂操');
INSERT INTO `sensword` VALUES ('狂插');
INSERT INTO `sensword` VALUES ('浪逼');
INSERT INTO `sensword` VALUES ('浪妇');
INSERT INTO `sensword` VALUES ('浪叫');
INSERT INTO `sensword` VALUES ('浪女');
INSERT INTO `sensword` VALUES ('狼友');
INSERT INTO `sensword` VALUES ('聊性');
INSERT INTO `sensword` VALUES ('流淫');
INSERT INTO `sensword` VALUES ('铃木麻');
INSERT INTO `sensword` VALUES ('凌辱');
INSERT INTO `sensword` VALUES ('漏乳');
INSERT INTO `sensword` VALUES ('露b');
INSERT INTO `sensword` VALUES ('乱交');
INSERT INTO `sensword` VALUES ('乱伦');
INSERT INTO `sensword` VALUES ('轮暴');
INSERT INTO `sensword` VALUES ('轮操');
INSERT INTO `sensword` VALUES ('轮奸');
INSERT INTO `sensword` VALUES ('裸陪');
INSERT INTO `sensword` VALUES ('买春');
INSERT INTO `sensword` VALUES ('美逼');
INSERT INTO `sensword` VALUES ('美少妇');
INSERT INTO `sensword` VALUES ('美乳');
INSERT INTO `sensword` VALUES ('美腿');
INSERT INTO `sensword` VALUES ('美穴');
INSERT INTO `sensword` VALUES ('美幼');
INSERT INTO `sensword` VALUES ('秘唇');
INSERT INTO `sensword` VALUES ('迷奸');
INSERT INTO `sensword` VALUES ('密穴');
INSERT INTO `sensword` VALUES ('蜜穴');
INSERT INTO `sensword` VALUES ('蜜液');
INSERT INTO `sensword` VALUES ('摸奶');
INSERT INTO `sensword` VALUES ('摸胸');
INSERT INTO `sensword` VALUES ('母奸');
INSERT INTO `sensword` VALUES ('奈美');
INSERT INTO `sensword` VALUES ('奶子');
INSERT INTO `sensword` VALUES ('男奴');
INSERT INTO `sensword` VALUES ('内射');
INSERT INTO `sensword` VALUES ('嫩逼');
INSERT INTO `sensword` VALUES ('嫩女');
INSERT INTO `sensword` VALUES ('嫩穴');
INSERT INTO `sensword` VALUES ('捏弄');
INSERT INTO `sensword` VALUES ('女优');
INSERT INTO `sensword` VALUES ('炮友');
INSERT INTO `sensword` VALUES ('砲友');
INSERT INTO `sensword` VALUES ('喷精');
INSERT INTO `sensword` VALUES ('屁眼');
INSERT INTO `sensword` VALUES ('品香堂');
INSERT INTO `sensword` VALUES ('前凸后翘');
INSERT INTO `sensword` VALUES ('强jian');
INSERT INTO `sensword` VALUES ('强暴');
INSERT INTO `sensword` VALUES ('强奸处女');
INSERT INTO `sensword` VALUES ('情趣用品');
INSERT INTO `sensword` VALUES ('情色');
INSERT INTO `sensword` VALUES ('拳交');
INSERT INTO `sensword` VALUES ('全裸');
INSERT INTO `sensword` VALUES ('群交');
INSERT INTO `sensword` VALUES ('惹火身材');
INSERT INTO `sensword` VALUES ('人妻');
INSERT INTO `sensword` VALUES ('人兽');
INSERT INTO `sensword` VALUES ('日逼');
INSERT INTO `sensword` VALUES ('日烂');
INSERT INTO `sensword` VALUES ('肉棒');
INSERT INTO `sensword` VALUES ('肉逼');
INSERT INTO `sensword` VALUES ('肉唇');
INSERT INTO `sensword` VALUES ('肉洞');
INSERT INTO `sensword` VALUES ('肉缝');
INSERT INTO `sensword` VALUES ('肉棍');
INSERT INTO `sensword` VALUES ('肉茎');
INSERT INTO `sensword` VALUES ('肉具');
INSERT INTO `sensword` VALUES ('揉乳');
INSERT INTO `sensword` VALUES ('肉穴');
INSERT INTO `sensword` VALUES ('肉欲');
INSERT INTO `sensword` VALUES ('乳爆');
INSERT INTO `sensword` VALUES ('乳房');
INSERT INTO `sensword` VALUES ('乳沟');
INSERT INTO `sensword` VALUES ('乳交');
INSERT INTO `sensword` VALUES ('乳头');
INSERT INTO `sensword` VALUES ('三级片');
INSERT INTO `sensword` VALUES ('骚逼');
INSERT INTO `sensword` VALUES ('骚比');
INSERT INTO `sensword` VALUES ('骚女');
INSERT INTO `sensword` VALUES ('骚水');
INSERT INTO `sensword` VALUES ('骚穴');
INSERT INTO `sensword` VALUES ('色逼');
INSERT INTO `sensword` VALUES ('色界');
INSERT INTO `sensword` VALUES ('色猫');
INSERT INTO `sensword` VALUES ('色盟');
INSERT INTO `sensword` VALUES ('色情网站');
INSERT INTO `sensword` VALUES ('色区');
INSERT INTO `sensword` VALUES ('色色');
INSERT INTO `sensword` VALUES ('色诱');
INSERT INTO `sensword` VALUES ('色欲');
INSERT INTO `sensword` VALUES ('色b');
INSERT INTO `sensword` VALUES ('少年阿宾');
INSERT INTO `sensword` VALUES ('少修正');
INSERT INTO `sensword` VALUES ('射爽');
INSERT INTO `sensword` VALUES ('射颜');
INSERT INTO `sensword` VALUES ('食精');
INSERT INTO `sensword` VALUES ('释欲');
INSERT INTO `sensword` VALUES ('兽奸');
INSERT INTO `sensword` VALUES ('兽交');
INSERT INTO `sensword` VALUES ('手淫');
INSERT INTO `sensword` VALUES ('兽欲');
INSERT INTO `sensword` VALUES ('熟妇');
INSERT INTO `sensword` VALUES ('熟母');
INSERT INTO `sensword` VALUES ('熟女');
INSERT INTO `sensword` VALUES ('爽片');
INSERT INTO `sensword` VALUES ('爽死我了');
INSERT INTO `sensword` VALUES ('双臀');
INSERT INTO `sensword` VALUES ('死逼');
INSERT INTO `sensword` VALUES ('丝袜');
INSERT INTO `sensword` VALUES ('丝诱');
INSERT INTO `sensword` VALUES ('松岛枫');
INSERT INTO `sensword` VALUES ('酥痒');
INSERT INTO `sensword` VALUES ('汤加丽');
INSERT INTO `sensword` VALUES ('套弄');
INSERT INTO `sensword` VALUES ('体奸');
INSERT INTO `sensword` VALUES ('体位');
INSERT INTO `sensword` VALUES ('舔脚');
INSERT INTO `sensword` VALUES ('舔阴');
INSERT INTO `sensword` VALUES ('调教');
INSERT INTO `sensword` VALUES ('偷欢');
INSERT INTO `sensword` VALUES ('偷拍');
INSERT INTO `sensword` VALUES ('推油');
INSERT INTO `sensword` VALUES ('脱内裤');
INSERT INTO `sensword` VALUES ('文做');
INSERT INTO `sensword` VALUES ('我就色');
INSERT INTO `sensword` VALUES ('无码');
INSERT INTO `sensword` VALUES ('舞女');
INSERT INTO `sensword` VALUES ('无修正');
INSERT INTO `sensword` VALUES ('吸精');
INSERT INTO `sensword` VALUES ('夏川纯');
INSERT INTO `sensword` VALUES ('相奸');
INSERT INTO `sensword` VALUES ('小逼');
INSERT INTO `sensword` VALUES ('校鸡');
INSERT INTO `sensword` VALUES ('小穴');
INSERT INTO `sensword` VALUES ('小xue');
INSERT INTO `sensword` VALUES ('写真');
INSERT INTO `sensword` VALUES ('性感妖娆');
INSERT INTO `sensword` VALUES ('性感诱惑');
INSERT INTO `sensword` VALUES ('性虎');
INSERT INTO `sensword` VALUES ('性饥渴');
INSERT INTO `sensword` VALUES ('性技巧');
INSERT INTO `sensword` VALUES ('性交');
INSERT INTO `sensword` VALUES ('性奴');
INSERT INTO `sensword` VALUES ('性虐');
INSERT INTO `sensword` VALUES ('性息');
INSERT INTO `sensword` VALUES ('性欲');
INSERT INTO `sensword` VALUES ('胸推');
INSERT INTO `sensword` VALUES ('穴口');
INSERT INTO `sensword` VALUES ('学生妹');
INSERT INTO `sensword` VALUES ('穴图');
INSERT INTO `sensword` VALUES ('亚情');
INSERT INTO `sensword` VALUES ('颜射');
INSERT INTO `sensword` VALUES ('阳具');
INSERT INTO `sensword` VALUES ('杨思敏');
INSERT INTO `sensword` VALUES ('要射了');
INSERT INTO `sensword` VALUES ('夜勤病栋');
INSERT INTO `sensword` VALUES ('一本道');
INSERT INTO `sensword` VALUES ('一夜欢');
INSERT INTO `sensword` VALUES ('一夜情');
INSERT INTO `sensword` VALUES ('一ye情');
INSERT INTO `sensword` VALUES ('阴部');
INSERT INTO `sensword` VALUES ('淫虫');
INSERT INTO `sensword` VALUES ('阴唇');
INSERT INTO `sensword` VALUES ('淫荡');
INSERT INTO `sensword` VALUES ('阴道');
INSERT INTO `sensword` VALUES ('淫电影');
INSERT INTO `sensword` VALUES ('阴阜');
INSERT INTO `sensword` VALUES ('淫妇');
INSERT INTO `sensword` VALUES ('淫河');
INSERT INTO `sensword` VALUES ('阴核');
INSERT INTO `sensword` VALUES ('阴户');
INSERT INTO `sensword` VALUES ('淫贱');
INSERT INTO `sensword` VALUES ('淫叫');
INSERT INTO `sensword` VALUES ('淫教师');
INSERT INTO `sensword` VALUES ('阴茎');
INSERT INTO `sensword` VALUES ('阴精');
INSERT INTO `sensword` VALUES ('淫浪');
INSERT INTO `sensword` VALUES ('淫媚');
INSERT INTO `sensword` VALUES ('淫糜');
INSERT INTO `sensword` VALUES ('淫魔');
INSERT INTO `sensword` VALUES ('淫母');
INSERT INTO `sensword` VALUES ('淫女');
INSERT INTO `sensword` VALUES ('淫虐');
INSERT INTO `sensword` VALUES ('淫妻');
INSERT INTO `sensword` VALUES ('淫情');
INSERT INTO `sensword` VALUES ('淫色');
INSERT INTO `sensword` VALUES ('淫声浪语');
INSERT INTO `sensword` VALUES ('淫兽学园');
INSERT INTO `sensword` VALUES ('淫书');
INSERT INTO `sensword` VALUES ('淫术炼金士');
INSERT INTO `sensword` VALUES ('淫水');
INSERT INTO `sensword` VALUES ('淫娃');
INSERT INTO `sensword` VALUES ('淫威');
INSERT INTO `sensword` VALUES ('淫亵');
INSERT INTO `sensword` VALUES ('淫样');
INSERT INTO `sensword` VALUES ('淫液');
INSERT INTO `sensword` VALUES ('淫照');
INSERT INTO `sensword` VALUES ('阴b');
INSERT INTO `sensword` VALUES ('应召');
INSERT INTO `sensword` VALUES ('幼交');
INSERT INTO `sensword` VALUES ('幼男');
INSERT INTO `sensword` VALUES ('幼女');
INSERT INTO `sensword` VALUES ('欲火');
INSERT INTO `sensword` VALUES ('欲女');
INSERT INTO `sensword` VALUES ('玉女心经');
INSERT INTO `sensword` VALUES ('玉蒲团');
INSERT INTO `sensword` VALUES ('玉乳');
INSERT INTO `sensword` VALUES ('欲仙欲死');
INSERT INTO `sensword` VALUES ('玉穴');
INSERT INTO `sensword` VALUES ('援交');
INSERT INTO `sensword` VALUES ('原味内衣');
INSERT INTO `sensword` VALUES ('援助交际');
INSERT INTO `sensword` VALUES ('张筱雨');
INSERT INTO `sensword` VALUES ('招鸡');
INSERT INTO `sensword` VALUES ('招妓');
INSERT INTO `sensword` VALUES ('中年美妇');
INSERT INTO `sensword` VALUES ('抓胸');
INSERT INTO `sensword` VALUES ('自拍');
INSERT INTO `sensword` VALUES ('自慰');
INSERT INTO `sensword` VALUES ('作爱');
INSERT INTO `sensword` VALUES ('18禁');
INSERT INTO `sensword` VALUES ('99bb');
INSERT INTO `sensword` VALUES ('a4u');
INSERT INTO `sensword` VALUES ('a4y');
INSERT INTO `sensword` VALUES ('adult');
INSERT INTO `sensword` VALUES ('amateur');
INSERT INTO `sensword` VALUES ('anal');
INSERT INTO `sensword` VALUES ('a片');
INSERT INTO `sensword` VALUES ('fuck');
INSERT INTO `sensword` VALUES ('gay片');
INSERT INTO `sensword` VALUES ('g点');
INSERT INTO `sensword` VALUES ('g片');
INSERT INTO `sensword` VALUES ('hardcore');
INSERT INTO `sensword` VALUES ('h动画');
INSERT INTO `sensword` VALUES ('h动漫');
INSERT INTO `sensword` VALUES ('incest');
INSERT INTO `sensword` VALUES ('porn');
INSERT INTO `sensword` VALUES ('secom');
INSERT INTO `sensword` VALUES ('sexinsex');
INSERT INTO `sensword` VALUES ('sm女王');
INSERT INTO `sensword` VALUES ('xiao77');
INSERT INTO `sensword` VALUES ('xing伴侣');
INSERT INTO `sensword` VALUES ('tokyohot');
INSERT INTO `sensword` VALUES ('yin荡');
INSERT INTO `sensword` VALUES ('腐败');
INSERT INTO `sensword` VALUES ('贪污');
INSERT INTO `sensword` VALUES ('gcd');
INSERT INTO `sensword` VALUES ('共贪党');
INSERT INTO `sensword` VALUES ('gongchandang');
INSERT INTO `sensword` VALUES ('阿共');
INSERT INTO `sensword` VALUES ('共一产一党');
INSERT INTO `sensword` VALUES ('产党共');
INSERT INTO `sensword` VALUES ('公产党');
INSERT INTO `sensword` VALUES ('工产党');
INSERT INTO `sensword` VALUES ('共c党');
INSERT INTO `sensword` VALUES ('共x党');
INSERT INTO `sensword` VALUES ('共铲');
INSERT INTO `sensword` VALUES ('供产');
INSERT INTO `sensword` VALUES ('共惨');
INSERT INTO `sensword` VALUES ('供铲党');
INSERT INTO `sensword` VALUES ('供铲谠');
INSERT INTO `sensword` VALUES ('供铲裆');
INSERT INTO `sensword` VALUES ('共残党');
INSERT INTO `sensword` VALUES ('共残主义');
INSERT INTO `sensword` VALUES ('共产主义的幽灵');
INSERT INTO `sensword` VALUES ('拱铲');
INSERT INTO `sensword` VALUES ('老共');
INSERT INTO `sensword` VALUES ('中珙');
INSERT INTO `sensword` VALUES ('中gong');
INSERT INTO `sensword` VALUES ('gc党');
INSERT INTO `sensword` VALUES ('贡挡');
INSERT INTO `sensword` VALUES ('gong党');
INSERT INTO `sensword` VALUES ('g产');
INSERT INTO `sensword` VALUES ('狗产蛋');
INSERT INTO `sensword` VALUES ('共残裆');
INSERT INTO `sensword` VALUES ('恶党');
INSERT INTO `sensword` VALUES ('邪党');
INSERT INTO `sensword` VALUES ('共产专制');
INSERT INTO `sensword` VALUES ('共产王朝');
INSERT INTO `sensword` VALUES ('裆中央');
INSERT INTO `sensword` VALUES ('土共');
INSERT INTO `sensword` VALUES ('土g');
INSERT INTO `sensword` VALUES ('共狗');
INSERT INTO `sensword` VALUES ('g匪');
INSERT INTO `sensword` VALUES ('共匪');
INSERT INTO `sensword` VALUES ('仇共');
INSERT INTO `sensword` VALUES ('共产党腐败');
INSERT INTO `sensword` VALUES ('共产党专制');
INSERT INTO `sensword` VALUES ('共产党的报应');
INSERT INTO `sensword` VALUES ('共产党的末日');
INSERT INTO `sensword` VALUES ('共产党专制');
INSERT INTO `sensword` VALUES ('communistparty');
INSERT INTO `sensword` VALUES ('症腐');
INSERT INTO `sensword` VALUES ('政腐');
INSERT INTO `sensword` VALUES ('政付');
INSERT INTO `sensword` VALUES ('正府');
INSERT INTO `sensword` VALUES ('政俯');
INSERT INTO `sensword` VALUES ('政f');
INSERT INTO `sensword` VALUES ('zhengfu');
INSERT INTO `sensword` VALUES ('政zhi');
INSERT INTO `sensword` VALUES ('挡中央');
INSERT INTO `sensword` VALUES ('档中央');
INSERT INTO `sensword` VALUES ('中国zf');
INSERT INTO `sensword` VALUES ('中央zf');
INSERT INTO `sensword` VALUES ('国wu院');
INSERT INTO `sensword` VALUES ('中华帝国');
INSERT INTO `sensword` VALUES ('gong和');
INSERT INTO `sensword` VALUES ('大陆官方');
INSERT INTO `sensword` VALUES ('北京政权');
INSERT INTO `sensword` VALUES ('刘志军');
INSERT INTO `sensword` VALUES ('张曙');
INSERT INTO `sensword` VALUES ('刘志军');
INSERT INTO `sensword` VALUES ('买别墅');
INSERT INTO `sensword` VALUES ('玩女人');
INSERT INTO `sensword` VALUES ('贪20亿');
INSERT INTO `sensword` VALUES ('许宗衡');
INSERT INTO `sensword` VALUES ('贪财物');
INSERT INTO `sensword` VALUES ('李启红');
INSERT INTO `sensword` VALUES ('贪腐财富');
INSERT INTO `sensword` VALUES ('落马');
INSERT INTO `sensword` VALUES ('高官名单');
INSERT INTO `sensword` VALUES ('陈希同');
INSERT INTO `sensword` VALUES ('贪污');
INSERT INTO `sensword` VALUES ('玩忽职守');
INSERT INTO `sensword` VALUES ('有期徒刑');
INSERT INTO `sensword` VALUES ('陈良宇');
INSERT INTO `sensword` VALUES ('受贿罪');
INSERT INTO `sensword` VALUES ('滥用职权');
INSERT INTO `sensword` VALUES ('有期徒刑');
INSERT INTO `sensword` VALUES ('没收个人财产');
INSERT INTO `sensword` VALUES ('成克杰');
INSERT INTO `sensword` VALUES ('死刑');
INSERT INTO `sensword` VALUES ('程维高');
INSERT INTO `sensword` VALUES ('严重违纪');
INSERT INTO `sensword` VALUES ('开除党籍');
INSERT INTO `sensword` VALUES ('撤销职务');
INSERT INTO `sensword` VALUES ('刘方仁');
INSERT INTO `sensword` VALUES ('无期徒刑');
INSERT INTO `sensword` VALUES ('倪献策');
INSERT INTO `sensword` VALUES ('徇私舞弊');
INSERT INTO `sensword` VALUES ('梁湘');
INSERT INTO `sensword` VALUES ('以权谋私');
INSERT INTO `sensword` VALUES ('撤职。');
INSERT INTO `sensword` VALUES ('李嘉廷');
INSERT INTO `sensword` VALUES ('死刑缓期');
INSERT INTO `sensword` VALUES ('张国光');
INSERT INTO `sensword` VALUES ('韩桂芝');
INSERT INTO `sensword` VALUES ('宋平顺');
INSERT INTO `sensword` VALUES ('自杀');
INSERT INTO `sensword` VALUES ('黄瑶');
INSERT INTO `sensword` VALUES ('双规');
INSERT INTO `sensword` VALUES ('陈绍基');
INSERT INTO `sensword` VALUES ('判处死刑');
INSERT INTO `sensword` VALUES ('剥夺政治权利终身');
INSERT INTO `sensword` VALUES ('没收个人全部财产');
INSERT INTO `sensword` VALUES ('石兆彬');
INSERT INTO `sensword` VALUES ('侯伍杰');
INSERT INTO `sensword` VALUES ('王昭耀');
INSERT INTO `sensword` VALUES ('剥夺政治权利');
INSERT INTO `sensword` VALUES ('杜世成');
INSERT INTO `sensword` VALUES ('沈图');
INSERT INTO `sensword` VALUES ('叛逃美国');
INSERT INTO `sensword` VALUES ('罗云光');
INSERT INTO `sensword` VALUES ('起诉');
INSERT INTO `sensword` VALUES ('张辛泰');
INSERT INTO `sensword` VALUES ('李效时');
INSERT INTO `sensword` VALUES ('边少斌');
INSERT INTO `sensword` VALUES ('徐鹏航');
INSERT INTO `sensword` VALUES ('违纪');
INSERT INTO `sensword` VALUES ('收受股票');
INSERT INTO `sensword` VALUES ('王乐毅');
INSERT INTO `sensword` VALUES ('李纪周');
INSERT INTO `sensword` VALUES ('郑光迪');
INSERT INTO `sensword` VALUES ('田凤山。');
INSERT INTO `sensword` VALUES ('邱晓华');
INSERT INTO `sensword` VALUES ('郑筱萸');
INSERT INTO `sensword` VALUES ('孙鹤龄');
INSERT INTO `sensword` VALUES ('蓝田造假案');
INSERT INTO `sensword` VALUES ('于幼军');
INSERT INTO `sensword` VALUES ('留党察看');
INSERT INTO `sensword` VALUES ('何洪达');
INSERT INTO `sensword` VALUES ('朱志刚');
INSERT INTO `sensword` VALUES ('杨汇泉');
INSERT INTO `sensword` VALUES ('官僚主义');
INSERT INTO `sensword` VALUES ('徐炳松');
INSERT INTO `sensword` VALUES ('托乎提沙比尔');
INSERT INTO `sensword` VALUES ('王宝森');
INSERT INTO `sensword` VALUES ('经济犯罪');
INSERT INTO `sensword` VALUES ('畏罪自杀。');
INSERT INTO `sensword` VALUES ('陈水文');
INSERT INTO `sensword` VALUES ('孟庆平');
INSERT INTO `sensword` VALUES ('胡长清');
INSERT INTO `sensword` VALUES ('朱川');
INSERT INTO `sensword` VALUES ('许运鸿');
INSERT INTO `sensword` VALUES ('丘广钟');
INSERT INTO `sensword` VALUES ('刘知炳');
INSERT INTO `sensword` VALUES ('丛福奎');
INSERT INTO `sensword` VALUES ('王怀忠');
INSERT INTO `sensword` VALUES ('巨额财产');
INSERT INTO `sensword` VALUES ('来源不明罪');
INSERT INTO `sensword` VALUES ('李达昌');
INSERT INTO `sensword` VALUES ('刘长贵');
INSERT INTO `sensword` VALUES ('王钟麓');
INSERT INTO `sensword` VALUES ('阿曼哈吉');
INSERT INTO `sensword` VALUES ('付晓光');
INSERT INTO `sensword` VALUES ('自动辞');
INSERT INTO `sensword` VALUES ('刘克田');
INSERT INTO `sensword` VALUES ('吕德彬');
INSERT INTO `sensword` VALUES ('刘维明');
INSERT INTO `sensword` VALUES ('双开');
INSERT INTO `sensword` VALUES ('刘志华');
INSERT INTO `sensword` VALUES ('孙瑜');
INSERT INTO `sensword` VALUES ('李堂堂');
INSERT INTO `sensword` VALUES ('韩福才 青海');
INSERT INTO `sensword` VALUES ('欧阳德 广东');
INSERT INTO `sensword` VALUES ('韦泽芳 海南');
INSERT INTO `sensword` VALUES ('铁英 北京');
INSERT INTO `sensword` VALUES ('辛业江 海南');
INSERT INTO `sensword` VALUES ('于飞 广东');
INSERT INTO `sensword` VALUES ('姜殿武 河北');
INSERT INTO `sensword` VALUES ('秦昌典 重庆');
INSERT INTO `sensword` VALUES ('范广举 黑龙江');
INSERT INTO `sensword` VALUES ('张凯广东');
INSERT INTO `sensword` VALUES ('王厚宏海南');
INSERT INTO `sensword` VALUES ('陈维席安徽');
INSERT INTO `sensword` VALUES ('王有杰河南');
INSERT INTO `sensword` VALUES ('王武龙江苏');
INSERT INTO `sensword` VALUES ('米凤君吉林');
INSERT INTO `sensword` VALUES ('宋勇辽宁');
INSERT INTO `sensword` VALUES ('张家盟浙江');
INSERT INTO `sensword` VALUES ('马烈孙宁夏');
INSERT INTO `sensword` VALUES ('黄纪诚北京');
INSERT INTO `sensword` VALUES ('常征贵州');
INSERT INTO `sensword` VALUES ('王式惠重庆');
INSERT INTO `sensword` VALUES ('周文吉');
INSERT INTO `sensword` VALUES ('王庆录广西');
INSERT INTO `sensword` VALUES ('潘广田山东');
INSERT INTO `sensword` VALUES ('朱作勇甘肃');
INSERT INTO `sensword` VALUES ('孙善武河南');
INSERT INTO `sensword` VALUES ('宋晨光江西');
INSERT INTO `sensword` VALUES ('梁春禄广西政协');
INSERT INTO `sensword` VALUES ('鲁家善 中国交通');
INSERT INTO `sensword` VALUES ('金德琴 中信');
INSERT INTO `sensword` VALUES ('李大强 神华');
INSERT INTO `sensword` VALUES ('吴文英 纺织');
INSERT INTO `sensword` VALUES ('查克明 华能');
INSERT INTO `sensword` VALUES ('朱小华光大');
INSERT INTO `sensword` VALUES ('高严 国家电力');
INSERT INTO `sensword` VALUES ('王雪冰');
INSERT INTO `sensword` VALUES ('林孔兴');
INSERT INTO `sensword` VALUES ('刘金宝');
INSERT INTO `sensword` VALUES ('张恩照');
INSERT INTO `sensword` VALUES ('陈同海');
INSERT INTO `sensword` VALUES ('康日新');
INSERT INTO `sensword` VALUES ('王益');
INSERT INTO `sensword` VALUES ('张春江');
INSERT INTO `sensword` VALUES ('洪清源');
INSERT INTO `sensword` VALUES ('平义杰');
INSERT INTO `sensword` VALUES ('李恩潮');
INSERT INTO `sensword` VALUES ('孙小虹');
INSERT INTO `sensword` VALUES ('陈忠');
INSERT INTO `sensword` VALUES ('慕绥新');
INSERT INTO `sensword` VALUES ('田凤岐');
INSERT INTO `sensword` VALUES ('麦崇楷');
INSERT INTO `sensword` VALUES ('柴王群');
INSERT INTO `sensword` VALUES ('吴振汉');
INSERT INTO `sensword` VALUES ('张秋阳');
INSERT INTO `sensword` VALUES ('徐衍东');
INSERT INTO `sensword` VALUES ('徐发 黑龙江');
INSERT INTO `sensword` VALUES ('张宗海');
INSERT INTO `sensword` VALUES ('丁鑫发');
INSERT INTO `sensword` VALUES ('徐国健');
INSERT INTO `sensword` VALUES ('李宝金');
INSERT INTO `sensword` VALUES ('单平');
INSERT INTO `sensword` VALUES ('段义和');
INSERT INTO `sensword` VALUES ('荆福生');
INSERT INTO `sensword` VALUES ('陈少勇');
INSERT INTO `sensword` VALUES ('黄松有');
INSERT INTO `sensword` VALUES ('皮黔生');
INSERT INTO `sensword` VALUES ('王华元');
INSERT INTO `sensword` VALUES ('王守业');
INSERT INTO `sensword` VALUES ('刘连昆');
INSERT INTO `sensword` VALUES ('孙晋美');
INSERT INTO `sensword` VALUES ('邵松高');
INSERT INTO `sensword` VALUES ('肖怀枢');
INSERT INTO `sensword` VALUES ('刘广智 空军');
INSERT INTO `sensword` VALUES ('姬胜德 总参');
INSERT INTO `sensword` VALUES ('廖伯年 北京');

-- ----------------------------
-- Table structure for topic
-- ----------------------------
DROP TABLE IF EXISTS `topic`;
CREATE TABLE `topic` (
  `topic_id` int(11) NOT NULL AUTO_INCREMENT COMMENT '帖子id',
  `user_id` int(11) NOT NULL COMMENT '发帖人的id',
  `topic` varchar(100) CHARACTER SET utf8 COLLATE utf8_general_ci NOT NULL COMMENT '帖子主题',
  `content` longtext CHARACTER SET utf8 COLLATE utf8_general_ci NOT NULL COMMENT '帖子的内容',
  `create_time` datetime NOT NULL COMMENT '发帖的时间',
  `flag` int(1) NOT NULL DEFAULT '1' COMMENT '帖子的状态，1表示正常，0表示已被删除',
  `isindex` int(1) NOT NULL DEFAULT '0' COMMENT '精品帖子，1表示精品，0表示默认',
  `type` varchar(255) NOT NULL COMMENT '栏目',
  `view` int(255) DEFAULT '0' COMMENT '浏览数',
  `tlike` int(255) DEFAULT '0' COMMENT '点赞数',
  PRIMARY KEY (`topic_id`) USING BTREE
) ENGINE=InnoDB AUTO_INCREMENT=28 DEFAULT CHARSET=utf8 ROW_FORMAT=DYNAMIC;

-- ----------------------------
-- Records of topic
-- ----------------------------
INSERT INTO `topic` VALUES ('2', '2', '测试02', '嘻嘻嘻嘻嘻', '2020-03-09 11:18:49', '1', '1', 'python', '0', '0');
INSERT INTO `topic` VALUES ('4', '1', '敏感词屏蔽', '测试成功', '2020-03-25 11:24:21', '1', '1', 'html', '0', '0');
INSERT INTO `topic` VALUES ('5', '4', '测试4', '在此写上您的内容', '2020-03-29 16:52:21', '1', '1', 'c', '0', '0');
INSERT INTO `topic` VALUES ('7', '1', '测试普通发帖', '在此写上您的内容', '2020-03-29 17:13:31', '1', '0', 'java', '0', '0');
INSERT INTO `topic` VALUES ('8', '1', '代码发帖测试', '$.ajax({    url:\"${path}/topic/postTopicInfo\",    data:{\"content\":content,\"typeName\":typeName,\"topic\":topic}})', '2020-03-29 17:42:13', '1', '0', 'java', '0', '0');
INSERT INTO `topic` VALUES ('9', '1', '代码发帖测试', '$.ajax({    url:\"${path}/topic/postTopicInfo\",    data:{\"content\":content,\"typeName\":typeName,\"topic\":topic}})', '2020-03-29 17:42:20', '1', '0', 'java', '0', '0');
INSERT INTO `topic` VALUES ('10', '1', '代码发帖测试', 'if (content != null || content.length != 0){    console.log(content);    $.ajax({        url:\"${path}/sensitive/validateContent\",        data:{\"content\":content,\"typeName\":typeName,\"topic\":topic},        success:function (dataMap) {            console.log(dataMap);            if (dataMap.result != \"allow\"){                alert(\"输入框中包含敏感词汇：\" + dataMap.sensitiveWords);                $(\"#myEditor\").val(dataMap.result);            } else {                <%--location.href = \'${path}/topic/postTopicInfo?content=\'+content+\'&typeName=\'+typeName+\'&topic=\'+topic;--%>                $.ajax({                    url:\"${path}/topic/postTopicInfo\",                    data:{\"content\":content,\"typeName\":typeName,\"topic\":topic}                });                location.href = \'${path}/topic/all\'            }        }    })', '2020-03-29 17:46:02', '1', '0', 'java', '0', '0');
INSERT INTO `topic` VALUES ('11', '1', '代码发帖测试', 'if (content != null || content.length != 0){    console.log(content);    $.ajax({        url:\"${path}/sensitive/validateContent\",        data:{\"content\":content,\"typeName\":typeName,\"topic\":topic},        success:function (dataMap) {            console.log(dataMap);            if (dataMap.result != \"allow\"){                alert(\"输入框中包含敏感词汇：\" + dataMap.sensitiveWords);                $(\"#myEditor\").val(dataMap.result);            } else {                <%--location.href = \'${path}/topic/postTopicInfo?content=\'+content+\'&typeName=\'+typeName+\'&topic=\'+topic;--%>                $.ajax({                    url:\"${path}/topic/postTopicInfo\",                    data:{\"content\":content,\"typeName\":typeName,\"topic\":topic}                });                location.href = \'${path}/topic/all\'            }        }    })', '2020-03-29 17:46:45', '1', '0', 'java', '0', '0');
INSERT INTO `topic` VALUES ('14', '1', '代码发帖测试2', '<pre>if&nbsp;(content&nbsp;!=&nbsp;null&nbsp;||&nbsp;content.length&nbsp;!=&nbsp;0){\n&nbsp;&nbsp;&nbsp;&nbsp;console.log(content);\n&nbsp;&nbsp;&nbsp;&nbsp;$.ajax({\n&nbsp;&nbsp;&nbsp;&nbsp;&nbsp;&nbsp;&nbsp;&nbsp;url:&quot;${path}/sensitive/validateContent&quot;,\n&nbsp;&nbsp;&nbsp;&nbsp;&nbsp;&nbsp;&nbsp;&nbsp;data:{&quot;content&quot;:content,&quot;typeName&quot;:typeName,&quot;topic&quot;:topic},\n&nbsp;&nbsp;&nbsp;&nbsp;&nbsp;&nbsp;&nbsp;&nbsp;success:function&nbsp;(dataMap)&nbsp;{\n&nbsp;&nbsp;&nbsp;&nbsp;&nbsp;&nbsp;&nbsp;&nbsp;&nbsp;&nbsp;&nbsp;&nbsp;console.log(dataMap);\n&nbsp;&nbsp;&nbsp;&nbsp;&nbsp;&nbsp;&nbsp;&nbsp;&nbsp;&nbsp;&nbsp;&nbsp;if&nbsp;(dataMap.result&nbsp;!=&nbsp;&quot;allow&quot;){\n&nbsp;&nbsp;&nbsp;&nbsp;&nbsp;&nbsp;&nbsp;&nbsp;&nbsp;&nbsp;&nbsp;&nbsp;&nbsp;&nbsp;&nbsp;&nbsp;alert(&quot;输入框中包含敏感词汇：&quot;&nbsp;+&nbsp;dataMap.sensitiveWords);\n&nbsp;&nbsp;&nbsp;&nbsp;&nbsp;&nbsp;&nbsp;&nbsp;&nbsp;&nbsp;&nbsp;&nbsp;&nbsp;&nbsp;&nbsp;&nbsp;$(&quot;#myEditor&quot;).val(dataMap.result);\n&nbsp;&nbsp;&nbsp;&nbsp;&nbsp;&nbsp;&nbsp;&nbsp;&nbsp;&nbsp;&nbsp;&nbsp;}&nbsp;else&nbsp;{\n&nbsp;&nbsp;&nbsp;&nbsp;&nbsp;&nbsp;&nbsp;&nbsp;&nbsp;&nbsp;&nbsp;&nbsp;&nbsp;&nbsp;&nbsp;&nbsp;&lt;%--location.href&nbsp;=&nbsp;&#39;${path}/topic/postTopicInfo?content=&#39;+content+&#39;&amp;typeName=&#39;+typeName+&#39;&amp;topic=&#39;+topic;--%&gt;\n&nbsp;&nbsp;&nbsp;&nbsp;&nbsp;&nbsp;&nbsp;&nbsp;&nbsp;&nbsp;&nbsp;&nbsp;&nbsp;&nbsp;&nbsp;&nbsp;$.ajax({\n&nbsp;&nbsp;&nbsp;&nbsp;&nbsp;&nbsp;&nbsp;&nbsp;&nbsp;&nbsp;&nbsp;&nbsp;&nbsp;&nbsp;&nbsp;&nbsp;&nbsp;&nbsp;&nbsp;&nbsp;url:&quot;${path}/topic/postTopicInfo&quot;,\n&nbsp;&nbsp;&nbsp;&nbsp;&nbsp;&nbsp;&nbsp;&nbsp;&nbsp;&nbsp;&nbsp;&nbsp;&nbsp;&nbsp;&nbsp;&nbsp;&nbsp;&nbsp;&nbsp;&nbsp;data:{&quot;content&quot;:realContent,&quot;typeName&quot;:typeName,&quot;topic&quot;:topic}\n&nbsp;&nbsp;&nbsp;&nbsp;&nbsp;&nbsp;&nbsp;&nbsp;&nbsp;&nbsp;&nbsp;&nbsp;&nbsp;&nbsp;&nbsp;&nbsp;});\n&nbsp;&nbsp;&nbsp;&nbsp;&nbsp;&nbsp;&nbsp;&nbsp;&nbsp;&nbsp;&nbsp;&nbsp;&nbsp;&nbsp;&nbsp;&nbsp;location.href&nbsp;=&nbsp;&#39;${path}/topic/all&#39;\n&nbsp;&nbsp;&nbsp;&nbsp;&nbsp;&nbsp;&nbsp;&nbsp;&nbsp;&nbsp;&nbsp;&nbsp;}\n&nbsp;&nbsp;&nbsp;&nbsp;&nbsp;&nbsp;&nbsp;&nbsp;}\n&nbsp;&nbsp;&nbsp;&nbsp;})</pre><p><br/></p>', '2020-03-29 17:57:26', '1', '0', 'java', '0', '0');
INSERT INTO `topic` VALUES ('15', '1', '敏感词屏蔽', '<p>我爱Java</p><pre>//验证权限，然后转到发帖页面\n@RequestMapping(value&nbsp;=&nbsp;&quot;/postTopic&quot;)\npublic&nbsp;String&nbsp;postTopic(HttpSession&nbsp;session,&nbsp;Model&nbsp;model){\n&nbsp;&nbsp;&nbsp;&nbsp;System.out.println(&quot;进入了发帖页面&quot;);\n&nbsp;&nbsp;&nbsp;&nbsp;if(session.getAttribute(&quot;user&quot;)==null){\n&nbsp;&nbsp;&nbsp;&nbsp;&nbsp;&nbsp;&nbsp;&nbsp;model.addAttribute(&quot;message&quot;,&quot;请先登录&quot;);\n&nbsp;&nbsp;&nbsp;&nbsp;&nbsp;&nbsp;&nbsp;&nbsp;return&nbsp;&quot;user_login&quot;;\n&nbsp;&nbsp;&nbsp;&nbsp;}else&nbsp;{\n&nbsp;&nbsp;&nbsp;&nbsp;&nbsp;&nbsp;&nbsp;&nbsp;List&lt;Type&gt;&nbsp;types&nbsp;=&nbsp;topicService.findAllType();\n&nbsp;&nbsp;&nbsp;&nbsp;&nbsp;&nbsp;&nbsp;&nbsp;model.addAttribute(&quot;type&quot;,types);\n&nbsp;&nbsp;&nbsp;&nbsp;&nbsp;&nbsp;&nbsp;&nbsp;return&nbsp;&quot;user_postArticle&quot;;\n&nbsp;&nbsp;&nbsp;&nbsp;}\n}</pre><p><img width=\"530\" height=\"340\" src=\"http://api.map.baidu.com/staticimage?center=116.404,39.915&zoom=10&width=530&height=340&markers=116.404,39.915\"/></p>', '2020-04-08 10:28:02', '1', '0', 'java', '0', '0');
INSERT INTO `topic` VALUES ('27', '1', '2020测试', '<p>我的代码</p><pre class=\"brush:html;toolbar:false\">&lt;ul&gt;\n&nbsp;&nbsp;&nbsp;&nbsp;&lt;li&gt;&lt;a&nbsp;href=&quot;${path}/admin/userHandlerInfo&quot;&nbsp;target=&quot;right&quot;&gt;&lt;span&nbsp;class=&quot;icon-caret-right&quot;&gt;&lt;/span&gt;用户操作&lt;/a&gt;&lt;/li&gt;\n&nbsp;&nbsp;&nbsp;&nbsp;&lt;li&gt;&lt;a&nbsp;href=&quot;${path}/admin/shutUppedUser&quot;&nbsp;target=&quot;right&quot;&gt;&lt;span&nbsp;class=&quot;icon-caret-right&quot;&gt;&lt;/span&gt;用户禁言&lt;/a&gt;&lt;/li&gt;\n&lt;/ul&gt;</pre><p><br/></p>', '2020-05-23 17:55:28', '1', '0', 'python', '0', '0');

-- ----------------------------
-- Table structure for type
-- ----------------------------
DROP TABLE IF EXISTS `type`;
CREATE TABLE `type` (
  `type_id` int(11) NOT NULL AUTO_INCREMENT,
  `type_name` varchar(255) CHARACTER SET utf8mb4 COLLATE utf8mb4_0900_ai_ci NOT NULL,
  PRIMARY KEY (`type_id`)
) ENGINE=InnoDB AUTO_INCREMENT=5 DEFAULT CHARSET=utf8mb4 COLLATE=utf8mb4_0900_ai_ci;

-- ----------------------------
-- Records of type
-- ----------------------------
INSERT INTO `type` VALUES ('1', 'java');
INSERT INTO `type` VALUES ('2', 'python');
INSERT INTO `type` VALUES ('3', 'c');
INSERT INTO `type` VALUES ('4', 'html');

-- ----------------------------
-- Table structure for user
-- ----------------------------
DROP TABLE IF EXISTS `user`;
CREATE TABLE `user` (
  `user_id` int(11) NOT NULL AUTO_INCREMENT,
  `sno` varchar(11) NOT NULL,
  `sex` varchar(2) CHARACTER SET utf8mb4 COLLATE utf8mb4_0900_ai_ci DEFAULT '',
  `username` varchar(255) CHARACTER SET utf8mb4 COLLATE utf8mb4_0900_ai_ci DEFAULT NULL,
  `password` varchar(50) CHARACTER SET utf8mb4 COLLATE utf8mb4_0900_ai_ci NOT NULL,
  `register_date` datetime DEFAULT NULL,
  `sign` varchar(50) CHARACTER SET utf8mb4 COLLATE utf8mb4_0900_ai_ci DEFAULT '' COMMENT '个人签名',
  `imgUrl` varchar(50) CHARACTER SET utf8mb4 COLLATE utf8mb4_0900_ai_ci DEFAULT 'defaultHead.png',
  `email` varchar(25) NOT NULL,
  `phone` varchar(15) CHARACTER SET utf8mb4 COLLATE utf8mb4_0900_ai_ci DEFAULT NULL,
  `sdept` varchar(20) CHARACTER SET utf8mb4 COLLATE utf8mb4_0900_ai_ci DEFAULT '',
  `clazz` varchar(20) CHARACTER SET utf8mb4 COLLATE utf8mb4_0900_ai_ci DEFAULT '',
  `status` int(1) NOT NULL DEFAULT '1' COMMENT '1为可发言, 0表示被禁言',
  `islock` tinyint(1) NOT NULL DEFAULT '0' COMMENT '0表示未锁定，可以被其他用户查看',
  PRIMARY KEY (`user_id`)
) ENGINE=InnoDB AUTO_INCREMENT=20 DEFAULT CHARSET=utf8mb4 COLLATE=utf8mb4_0900_ai_ci;

-- ----------------------------
-- Records of user
-- ----------------------------
INSERT INTO `user` VALUES ('1', '16180600811', '男', '曹捷', '4297f44b13955235245b2497399d7a93', '2020-03-09 10:30:10', '努力', '2020/5/sliver20200524142066.jpg', '601376463@qq.com', '13803427165', '大连东软信息学院', '601376463@qq.com', '1', '0');
INSERT INTO `user` VALUES ('2', '16180600810', '男', '梁胜东', 'e10adc3949ba59abbe56e057f20f883e', '2020-03-09 11:19:19', '123456', '2.jpg', '123', '123', '123', '123', '1', '0');
INSERT INTO `user` VALUES ('3', '16180600809', '', '孙佳颖', '4297f44b13955235245b2497399d7a93', '2020-03-29 16:42:22', '', '', '601376463@qq.com', null, '', '', '0', '0');
INSERT INTO `user` VALUES ('4', '16180600812', '男', '迪丽热巴', '4297f44b13955235245b2497399d7a93', '2020-03-29 16:45:53', '走自己的路', '2020/3/sliver20200329164870.jpg', '123123123@qq.com', '13803427165', '大连东软信息学院', '软件16008', '1', '0');
INSERT INTO `user` VALUES ('5', '16180600815', '', '曹捷', '4297f44b13955235245b2497399d7a93', '2020-05-23 15:35:07', '', '', '939790187@qq.com', null, '', '', '1', '0');
INSERT INTO `user` VALUES ('6', '16180600818', '', '曹捷', '4297f44b13955235245b2497399d7a93', '2020-05-23 16:14:41', '', 'defaultHead.png', '123456789@qq.com', null, '', '', '1', '0');
INSERT INTO `user` VALUES ('7', '16180600819', '', '曹捷', '4297f44b13955235245b2497399d7a93', '2020-05-23 14:33:57', '', 'defaultHead.png', '987654321@qq.com', null, '', '', '1', '0');
INSERT INTO `user` VALUES ('8', '16180600817', '', '曹捷', '4297f44b13955235245b2497399d7a93', '2020-05-23 14:52:53', '', 'defaultHead.png', '741852963@qq.com', null, '', '', '1', '0');
INSERT INTO `user` VALUES ('9', '16180600814', '', '曹捷', '4297f44b13955235245b2497399d7a93', '2020-05-23 15:07:14', '', 'defaultHead.png', '963852741@qq.com', null, '', '', '1', '0');
INSERT INTO `user` VALUES ('10', '16180600816', '', '曹捷', '4297f44b13955235245b2497399d7a93', '2020-05-23 15:26:15', '', 'defaultHead.png', '7539516842@qq.com', null, '', '', '1', '0');
INSERT INTO `user` VALUES ('12', '16180600820', '', '曹捷', '4297f44b13955235245b2497399d7a93', '2020-05-23 16:24:50', '', 'defaultHead.png', '951951951@qq.com', null, '', '', '1', '0');
INSERT INTO `user` VALUES ('13', '16180600821', '', '曹捷', '4297f44b13955235245b2497399d7a93', '2020-05-23 16:33:23', '', 'defaultHead.png', '852852852@qq.com', null, '', '', '1', '0');
INSERT INTO `user` VALUES ('14', '16180600825', '', '曹捷', '4297f44b13955235245b2497399d7a93', '2020-05-23 16:49:56', '', 'defaultHead.png', '963963963@qq.com', null, '', '', '1', '0');
INSERT INTO `user` VALUES ('16', '16180600830', '', '曹捷', '4297f44b13955235245b2497399d7a93', '2020-05-23 17:08:51', '', 'defaultHead.png', '753951852@qq.com', null, '', '', '1', '0');
INSERT INTO `user` VALUES ('17', '16180600840', '', '曹捷', '4297f44b13955235245b2497399d7a93', '2020-05-23 17:21:29', '', 'defaultHead.png', '789456789@qq.com', null, '', '', '1', '0');
INSERT INTO `user` VALUES ('18', '16180600850', '', '曹捷', '4297f44b13955235245b2497399d7a93', '2020-05-23 17:40:57', '', 'defaultHead.png', '789987789@qq.com', null, '', '', '1', '0');
INSERT INTO `user` VALUES ('19', '16180600860', '', '曹捷', '4297f44b13955235245b2497399d7a93', '2020-05-23 17:51:24', '', 'defaultHead.png', '753742742@qq.com', null, '', '', '1', '0');
